User_ID,Age,Gender,Daily_Usage_Hours,Phone_Usage_Before_Sleep,Anxiety_Without_Phone,Checks_Per_Hour,Impact_On_Daily_Life,Time_Without_Checking_Phone_Min,Smartphone_Addiction
USR_01000,22,Other,4.6,High,High,8,Low,199,0
USR_01001,30,Male,7.0,High,Moderate,9,Moderate,148,-1
USR_01002,26,Male,6.9,None,High,8,None,147,0
USR_01003,23,Female,6.8,High,High,8,None,29,0
USR_01004,22,Male,5.6,Moderate,High,12,Moderate,204,0
USR_01005,34,Female,5.9,Low,Moderate,10,Moderate,237,0
USR_01006,26,Other,6.0,High,Moderate,8,High,8,0
USR_01007,26,Female,4.1,High,High,11,Low,36,0
USR_01008,19,Female,8.7,Moderate,None,4,High,177,0
USR_01009,23,Male,8.4,Moderate,High,10,Moderate,188,0
USR_01010,18,Male,7.2,Moderate,Moderate,10,High,39,1
USR_01011,17,Female,4.6,High,None,12,None,185,0
USR_01012,27,Female,6.7,Moderate,Moderate,3,High,34,0
USR_01013,21,Female,7.7,Moderate,Moderate,8,Low,107,1
USR_01014,17,Male,2.8,Moderate,High,10,Moderate,116,1
USR_01015,16,Male,9.2,High,Low,4,High,53,0
USR_01016,27,Male,1.7,Moderate,Moderate,7,Low,98,0
USR_01017,27,Female,7.1,None,Low,8,High,213,0
USR_01018,32,Male,8.7,Moderate,High,6,High,87,0
USR_01019,25,Female,5.3,Moderate,Moderate,6,Low,184,0
USR_01020,31,Female,5.2,Moderate,Low,7,High,227,1
USR_01021,30,Male,7.0,Low,None,9,High,213,0
USR_01022,30,Female,9.6,None,High,10,Moderate,134,1
USR_01023,34,Male,4.9,High,Low,10,Moderate,191,1
USR_01024,27,Female,3.8,High,High,7,Low,169,0
USR_01025,18,Female,4.6,High,Moderate,10,High,33,1
USR_01026,20,Female,2.1,High,High,8,High,162,0
USR_01027,34,Female,7.5,High,Moderate,7,High,122,0
USR_01028,22,Male,4.4,Low,High,7,Moderate,239,0
USR_01029,24,Male,5.0,High,High,9,Moderate,26,0
USR_01030,22,Female,7.5,Moderate,High,7,High,106,1
USR_01031,33,Male,4.7,Moderate,High,9,Low,207,0
USR_01032,19,Male,7.2,High,None,9,None,229,0
USR_01033,29,Male,3.2,None,None,4,Low,23,0
USR_01034,33,Female,7.6,Low,Low,8,High,71,0
USR_01035,24,Male,6.3,Moderate,High,11,Moderate,236,1
USR_01036,17,Female,5.3,High,Moderate,10,Low,90,0
USR_01037,30,Other,5.8,High,Low,9,High,22,0
USR_01038,22,Male,2.7,Moderate,None,8,Low,113,0
USR_01039,27,Male,5.7,High,Moderate,11,Low,226,0
USR_01040,23,Male,5.2,Moderate,Low,10,High,197,0
USR_01041,30,Female,2.7,Low,None,8,Moderate,216,0
USR_01042,18,Male,4.0,High,Low,7,High,117,0
USR_01043,29,Male,5.2,Low,High,7,High,137,0
USR_01044,32,Male,4.2,High,High,8,Low,208,0
USR_01045,19,Female,0.5,None,Moderate,3,None,143,0
USR_01046,33,Male,7.9,High,Moderate,7,None,220,0
USR_01047,23,Female,5.2,Moderate,High,9,High,62,0
USR_01048,19,Female,0.5,High,High,6,None,22,0
USR_01049,17,Male,10.2,Low,Low,9,Low,76,0
USR_01050,21,Female,8.2,Moderate,Moderate,3,Low,97,0
USR_01051,25,Male,4.7,High,High,9,None,188,0
USR_01052,19,Female,3.6,Moderate,Moderate,9,Moderate,154,-1
USR_01053,33,Female,6.4,High,Moderate,10,High,60,0
USR_01054,27,Female,5.9,Moderate,Low,12,High,198,0
USR_01055,17,Male,6.7,Low,High,5,High,27,0
USR_01056,25,Male,3.7,High,Low,4,Moderate,20,0
USR_01057,19,Male,7.9,High,Moderate,11,High,48,0
USR_01058,29,Male,4.5,High,High,9,Moderate,76,-1
USR_01059,31,Male,7.0,Moderate,Low,7,High,200,0
USR_01060,30,Male,3.7,High,Moderate,8,None,18,0
USR_01061,23,Male,11.3,High,High,7,High,141,1
USR_01062,29,Male,7.0,High,Moderate,4,Moderate,79,0
USR_01063,23,Female,11.8,High,High,12,Moderate,234,0
USR_01064,31,Male,7.3,None,High,14,High,112,1
USR_01065,28,Male,4.3,High,Low,14,Moderate,148,1
USR_01066,33,Male,7.3,Moderate,High,7,Moderate,145,0
USR_01067,30,Male,7.5,Low,None,8,Moderate,40,0
USR_01068,28,Other,6.3,Moderate,Moderate,7,Low,48,0
USR_01069,24,Male,6.9,High,High,5,High,104,1
USR_01070,30,Female,7.2,Moderate,High,6,Low,85,0
USR_01071,28,Other,3.3,Low,Moderate,7,Low,18,0
USR_01072,16,Female,3.2,High,Moderate,4,Low,97,0
USR_01073,22,Female,3.8,High,High,4,High,21,0
USR_01074,24,Female,5.8,High,High,9,High,197,0
USR_01075,16,Other,5.0,High,Low,6,Moderate,216,0
USR_01076,27,Female,3.4,High,High,8,High,101,0
USR_01077,23,Female,7.2,Moderate,Low,8,High,130,0
USR_01078,26,Female,6.1,High,Moderate,8,High,58,1
USR_01079,34,Female,5.9,Moderate,Moderate,6,Moderate,130,1
USR_01080,32,Female,4.9,Moderate,High,10,High,134,0
USR_01081,23,Male,4.7,Moderate,High,8,None,149,0
USR_01082,18,Male,3.6,Moderate,Low,9,Moderate,27,0
USR_01083,18,Male,7.6,High,High,5,High,218,1
USR_01084,16,Male,4.0,None,High,7,Low,133,0
USR_01085,20,Male,6.0,Moderate,Moderate,11,None,16,0
USR_01086,25,Male,9.2,Moderate,High,11,High,145,0
USR_01087,22,Female,4.8,Low,Moderate,5,High,210,0
USR_01088,24,Male,7.6,High,Low,6,High,206,0
USR_01089,22,Female,6.8,High,Moderate,8,Low,16,0
USR_01090,24,Male,6.2,Moderate,None,10,High,61,0
USR_01091,23,Male,6.4,Moderate,Low,10,Low,90,0
USR_01092,27,Female,5.3,Low,High,9,Low,22,1
USR_01093,17,Female,5.6,None,Moderate,8,Moderate,107,0
USR_01094,16,Male,4.3,High,Moderate,10,Moderate,87,0
USR_01095,31,Female,5.6,High,Moderate,4,Moderate,98,0
USR_01096,20,Female,4.2,High,High,10,High,147,0
USR_01097,18,Male,7.7,High,None,7,Moderate,171,0
USR_01098,27,Male,1.8,Low,Moderate,1,Moderate,82,0
USR_01099,23,Other,6.6,Low,Moderate,12,Low,77,0
USR_01100,18,Female,6.2,Moderate,Moderate,9,Low,201,1
USR_01101,16,Female,6.0,High,Moderate,8,High,165,0
USR_01102,18,Female,7.8,High,Low,6,High,180,0
USR_01103,20,Male,4.9,High,Moderate,7,Low,137,0
USR_01104,30,Male,6.1,Low,High,9,None,92,0
USR_01105,29,Male,1.7,High,High,9,High,12,0
USR_01106,18,Female,4.6,Low,Low,7,Low,151,0
USR_01107,16,Female,7.4,Moderate,Moderate,6,Moderate,184,0
USR_01108,20,Female,2.6,Moderate,None,6,Moderate,16,1
USR_01109,29,Male,5.9,High,High,9,Moderate,76,1
USR_01110,22,Male,4.0,Moderate,High,8,Low,140,0
USR_01111,24,Female,5.3,Moderate,High,6,High,59,1
USR_01112,30,Female,4.1,Low,Moderate,11,Low,234,0
USR_01113,30,Female,2.8,High,Moderate,9,Moderate,216,0
USR_01114,25,Male,6.3,Moderate,High,4,Moderate,126,0
USR_01115,28,Female,5.4,Moderate,Moderate,8,Moderate,97,0
USR_01116,34,Male,6.8,High,Moderate,4,High,237,0
USR_01117,22,Female,7.2,High,High,8,High,166,0
USR_01118,32,Male,8.2,None,Moderate,10,Moderate,86,1
USR_01119,19,Female,5.8,High,Low,4,Moderate,197,0
USR_01120,20,Male,8.3,High,High,8,High,207,0
USR_01121,22,Female,3.4,High,High,7,Moderate,51,0
USR_01122,28,Male,7.5,Moderate,High,2,Low,112,0
USR_01123,30,Male,6.5,High,Low,8,Moderate,39,-1
USR_01124,26,Male,6.0,Moderate,Low,7,Moderate,164,0
USR_01125,19,Male,6.5,High,High,6,Low,183,0
USR_01126,28,Male,3.4,High,High,7,High,110,1
USR_01127,22,Female,2.9,Moderate,Low,8,Moderate,212,0
USR_01128,34,Male,9.3,High,None,10,High,138,1
USR_01129,17,Female,5.1,None,Moderate,7,Moderate,141,0
USR_01130,25,Female,5.1,High,None,5,Moderate,44,1
USR_01131,28,Female,3.1,High,Moderate,11,High,218,0
USR_01132,21,Male,2.2,High,Low,9,High,180,0
USR_01133,27,Male,5.3,High,Moderate,4,High,204,0
USR_01134,27,Female,4.7,None,Moderate,8,Moderate,100,0
USR_01135,26,Other,5.5,Low,High,4,High,158,0
USR_01136,22,Male,5.7,High,Low,7,High,86,1
USR_01137,16,Male,11.0,Moderate,None,8,Low,41,0
USR_01138,16,Male,4.8,Moderate,Moderate,8,High,184,1
USR_01139,28,Other,9.0,High,High,9,Moderate,144,0
USR_01140,24,Male,9.1,High,High,6,None,170,0
USR_01141,18,Male,7.2,None,High,8,Low,230,0
USR_01142,22,Female,5.0,None,High,6,High,200,0
USR_01143,21,Male,2.5,None,Moderate,10,Moderate,20,-1
USR_01144,23,Male,6.6,Low,None,7,Moderate,193,0
USR_01145,24,Female,7.7,Moderate,High,10,None,28,0
USR_01146,20,Female,9.3,High,High,4,Moderate,210,1
USR_01147,16,Male,3.4,High,Moderate,9,Moderate,149,0
USR_01148,34,Male,5.0,High,High,5,Low,119,1
USR_01149,25,Male,3.4,Moderate,Low,6,High,99,0
USR_01150,27,Male,4.1,Low,High,5,Moderate,8,0
USR_01151,30,Female,7.0,Low,High,4,Moderate,54,1
USR_01152,24,Male,4.0,None,High,8,None,112,0
USR_01153,32,Male,3.7,Low,High,5,None,230,0
USR_01154,32,Male,7.3,None,Moderate,9,High,106,0
USR_01155,27,Female,6.5,High,High,3,High,234,0
USR_01156,22,Female,6.3,Low,Moderate,13,High,135,0
USR_01157,17,Female,4.1,Moderate,Moderate,8,High,12,0
USR_01158,18,Male,8.3,High,High,10,Moderate,16,1
USR_01159,32,Female,5.5,None,High,5,Moderate,167,0
USR_01160,20,Female,10.7,Low,Moderate,7,Moderate,70,0
USR_01161,32,Male,5.9,High,Moderate,8,Moderate,185,0
USR_01162,32,Male,0.5,High,None,9,High,97,1
USR_01163,32,Male,0.5,Moderate,High,13,Moderate,219,0
USR_01164,17,Male,6.9,Moderate,High,10,None,165,0
USR_01165,17,Male,8.4,None,High,10,Moderate,118,0
USR_01166,20,Male,3.8,High,Moderate,8,High,22,0
USR_01167,16,Male,10.1,High,Moderate,5,High,108,0
USR_01168,16,Female,9.2,High,Low,10,High,190,0
USR_01169,34,Male,6.0,High,Moderate,8,Low,90,0
USR_01170,17,Female,6.7,High,High,4,High,210,0
USR_01171,27,Female,7.5,None,Moderate,6,Low,97,0
USR_01172,21,Female,9.7,High,None,11,Low,49,1
USR_01173,19,Female,7.0,High,High,10,Moderate,147,0
USR_01174,26,Male,5.9,High,Moderate,11,High,147,-1
USR_01175,32,Female,7.0,High,None,14,Moderate,49,0
USR_01176,21,Male,6.7,Low,Low,5,Low,200,0
USR_01177,20,Male,7.5,Moderate,Low,6,High,104,0
USR_01178,17,Female,2.0,Low,High,6,None,201,0
USR_01179,21,Male,6.2,High,Moderate,8,Moderate,199,0
USR_01180,26,Male,6.5,High,High,10,Moderate,208,0
USR_01181,31,Female,5.3,Moderate,Moderate,7,Moderate,66,0
USR_01182,31,Female,7.2,High,High,6,Moderate,88,1
USR_01183,16,Female,9.7,Low,Low,6,Moderate,176,0
USR_01184,24,Male,5.8,High,Low,6,Moderate,24,0
USR_01185,21,Female,7.0,Moderate,Moderate,3,High,171,0
USR_01186,31,Male,9.0,High,High,7,High,43,1
USR_01187,18,Female,5.9,Moderate,High,4,High,133,1
USR_01188,19,Female,3.5,None,Low,10,Moderate,112,0
USR_01189,34,Female,6.9,Moderate,Moderate,8,Moderate,71,0
USR_01190,18,Female,0.7,Moderate,Moderate,9,Low,51,0
USR_01191,34,Male,0.5,None,High,6,High,205,0
USR_01192,22,Female,6.2,Moderate,Moderate,6,High,122,1
USR_01193,24,Female,0.5,High,Low,8,High,58,1
USR_01194,16,Male,2.6,High,Moderate,9,High,152,-1
USR_01195,23,Female,4.7,Moderate,Moderate,5,High,141,0
USR_01196,22,Male,3.9,Moderate,Low,7,Low,99,0
USR_01197,33,Female,5.2,High,High,5,Moderate,32,0
USR_01198,23,Female,7.9,High,High,9,None,68,1
USR_01199,16,Female,6.0,None,Moderate,12,High,39,1
USR_01200,26,Male,3.7,High,High,12,Low,44,1
USR_01201,33,Female,8.5,High,Low,9,Moderate,129,0
USR_01202,25,Female,2.4,High,Moderate,8,Moderate,106,0
USR_01203,18,Female,6.0,Low,Low,4,Moderate,6,0
USR_01204,22,Male,2.1,High,Moderate,10,Moderate,135,0
USR_01205,31,Male,6.1,Moderate,High,6,Low,18,0
USR_01206,31,Female,4.8,High,High,5,Low,213,0
USR_01207,32,Male,7.9,Moderate,Low,4,Moderate,103,0
USR_01208,17,Female,7.1,Low,High,6,High,72,0
USR_01209,16,Female,4.2,High,Moderate,7,High,51,0
USR_01210,31,Female,3.8,Moderate,Low,7,None,98,0
USR_01211,27,Female,4.8,High,High,6,Moderate,186,0
USR_01212,20,Female,9.6,High,High,10,Low,190,0
USR_01213,20,Male,9.1,Low,Moderate,4,Moderate,194,0
USR_01214,24,Male,3.4,High,Low,8,Low,235,0
USR_01215,24,Male,7.3,Moderate,High,7,High,55,0
USR_01216,18,Male,1.7,High,None,6,High,210,0
USR_01217,34,Female,4.5,High,Moderate,9,Moderate,52,1
USR_01218,31,Female,3.5,High,None,8,Moderate,159,0
USR_01219,31,Female,7.9,Moderate,High,11,High,81,0
USR_01220,18,Female,2.7,Moderate,High,10,Low,187,1
USR_01221,16,Other,6.4,Moderate,Low,7,Moderate,129,0
USR_01222,26,Female,5.5,High,Low,7,None,216,0
USR_01223,32,Female,5.1,High,Moderate,14,High,117,0
USR_01224,23,Female,9.2,Low,Moderate,7,High,181,0
USR_01225,19,Male,9.4,Low,Low,13,None,156,0
USR_01226,21,Male,5.2,High,High,13,Moderate,14,1
USR_01227,23,Male,4.7,Moderate,Moderate,9,Moderate,139,0
USR_01228,18,Female,2.2,High,Low,5,High,120,0
USR_01229,31,Female,5.5,Low,Moderate,5,None,21,1
USR_01230,18,Male,9.8,Low,High,7,Low,26,0
USR_01231,33,Male,5.2,Low,Low,12,Low,63,1
USR_01232,29,Female,7.1,Low,High,13,None,48,0
USR_01233,33,Male,2.4,High,High,8,Moderate,15,0
USR_01234,17,Male,4.5,Low,None,6,Moderate,46,0
USR_01235,18,Female,6.5,Moderate,Moderate,6,Moderate,27,0
USR_01236,31,Male,5.7,High,Low,7,Low,122,1
USR_01237,24,Male,7.3,Moderate,Low,7,Low,192,0
USR_01238,19,Female,4.2,None,High,6,Moderate,218,0
USR_01239,16,Female,1.7,Low,High,7,High,236,1
USR_01240,19,Female,8.0,High,High,4,Low,66,1
USR_01241,16,Male,3.4,Moderate,High,9,Moderate,115,0
USR_01242,29,Male,6.6,Low,Moderate,7,High,58,0
USR_01243,31,Male,6.5,High,Moderate,4,Moderate,86,0
USR_01244,23,Female,1.8,Moderate,Moderate,14,None,123,0
USR_01245,22,Female,7.8,Moderate,High,8,High,113,0
USR_01246,18,Male,4.3,High,Moderate,8,High,222,0
USR_01247,32,Female,5.6,High,Moderate,13,High,116,1
USR_01248,16,Male,4.7,Moderate,Moderate,9,High,226,0
USR_01249,31,Male,9.1,None,High,10,High,17,1
USR_01250,27,Male,8.5,Moderate,Moderate,9,Low,72,0
USR_01251,34,Male,1.5,Low,High,7,High,111,0
USR_01252,29,Female,10.5,High,High,10,Low,31,0
USR_01253,21,Female,4.0,High,Moderate,10,High,119,0
USR_01254,21,Male,10.1,Moderate,High,5,None,172,0
USR_01255,28,Female,4.9,High,Moderate,8,High,78,0
USR_01256,34,Male,4.7,Low,High,3,Moderate,96,0
USR_01257,23,Female,5.0,High,High,4,High,89,0
USR_01258,17,Female,4.6,High,High,10,Moderate,120,0
USR_01259,16,Male,11.1,High,None,6,High,79,1
USR_01260,30,Female,5.3,None,Moderate,10,Moderate,88,0
USR_01261,16,Male,4.8,High,None,9,High,232,0
USR_01262,20,Male,5.7,High,Moderate,7,Low,87,0
USR_01263,31,Male,3.4,High,Moderate,7,High,142,0
USR_01264,34,Female,9.0,Low,Moderate,5,High,19,0
USR_01265,19,Female,2.3,High,High,11,High,49,0
USR_01266,18,Male,4.1,High,High,8,Moderate,185,0
USR_01267,32,Female,7.6,High,High,3,High,86,1
USR_01268,32,Female,5.6,Moderate,Moderate,5,High,11,1
USR_01269,27,Female,6.7,High,High,10,Moderate,162,0
USR_01270,29,Female,8.9,High,High,11,High,82,1
USR_01271,21,Female,7.7,High,High,7,Low,233,1
USR_01272,18,Male,5.8,Moderate,Moderate,5,High,237,1
USR_01273,24,Male,10.1,Moderate,Moderate,9,Moderate,34,0
USR_01274,20,Other,4.1,Moderate,Low,1,None,122,0
USR_01275,32,Male,5.3,None,High,7,High,159,1
USR_01276,29,Other,5.4,None,High,8,High,53,0
USR_01277,18,Female,5.3,High,High,8,Low,189,0
USR_01278,16,Male,3.1,Low,Low,17,Moderate,196,0
USR_01279,16,Male,2.0,Moderate,High,10,Moderate,105,0
USR_01280,18,Male,6.4,Low,Moderate,9,Moderate,195,0
USR_01281,33,Female,4.1,High,Moderate,10,High,180,0
USR_01282,25,Male,9.7,Moderate,High,6,Low,173,-1
USR_01283,18,Male,5.3,High,High,11,Low,85,0
USR_01284,23,Male,4.9,Low,High,11,Moderate,34,0
USR_01285,29,Male,7.9,High,Low,7,None,214,0
USR_01286,33,Female,6.4,High,Moderate,8,Moderate,7,0
USR_01287,30,Male,5.1,High,Moderate,8,Moderate,224,0
USR_01288,17,Female,4.1,High,Moderate,5,None,41,0
USR_01289,25,Male,13.5,Moderate,Moderate,4,High,34,0
USR_01290,17,Male,6.3,High,Moderate,6,High,58,0
USR_01291,32,Male,7.9,High,High,12,High,217,0
USR_01292,23,Male,3.2,None,High,9,None,117,0
USR_01293,16,Other,4.2,High,High,11,Moderate,216,0
USR_01294,24,Female,10.1,Moderate,Moderate,7,High,90,0
USR_01295,26,Male,8.6,High,High,8,High,232,1
USR_01296,31,Female,6.5,High,Moderate,6,High,104,0
USR_01297,22,Male,4.7,Low,High,3,High,89,1
USR_01298,25,Male,5.0,Low,None,5,None,220,0
USR_01299,18,Other,4.0,High,High,4,Low,217,0
USR_01300,33,Female,3.0,None,High,7,None,139,0
USR_01301,28,Other,7.5,None,None,10,Moderate,12,0
USR_01302,22,Male,6.7,None,Moderate,7,Moderate,218,0
USR_01303,19,Female,7.1,High,None,12,Moderate,90,0
USR_01304,28,Male,4.8,High,High,9,Low,67,0
USR_01305,16,Male,6.1,Moderate,High,5,None,195,0
USR_01306,23,Female,4.5,Moderate,Moderate,2,None,196,0
USR_01307,29,Male,3.9,High,Low,10,Moderate,162,1
USR_01308,31,Female,9.2,Low,High,8,High,230,0
USR_01309,29,Female,5.8,High,None,7,Moderate,97,0
USR_01310,27,Male,6.6,Moderate,Moderate,11,High,142,0
USR_01311,34,Female,7.3,High,Low,9,High,201,0
USR_01312,30,Female,5.8,Moderate,Moderate,13,High,53,1
USR_01313,17,Male,6.0,High,High,10,Moderate,125,0
USR_01314,17,Female,3.1,Low,None,9,Moderate,43,0
USR_01315,34,Female,3.5,Moderate,None,7,High,38,1
USR_01316,32,Male,3.4,Low,Moderate,9,Moderate,106,0
USR_01317,25,Female,6.8,None,High,3,High,14,1
USR_01318,21,Other,5.7,Moderate,High,8,Moderate,13,1
USR_01319,30,Male,3.5,None,Moderate,4,Moderate,192,0
USR_01320,26,Female,6.8,High,High,14,High,100,0
USR_01321,20,Male,6.7,High,Moderate,9,Low,137,0
USR_01322,16,Female,4.0,High,High,8,Moderate,167,0
USR_01323,23,Female,5.4,High,Moderate,9,Moderate,143,0
USR_01324,27,Male,6.7,Low,High,7,Moderate,46,0
USR_01325,27,Male,3.6,High,Moderate,9,Moderate,84,0
USR_01326,20,Female,6.7,Moderate,Moderate,10,High,95,1
USR_01327,22,Male,6.2,Moderate,Moderate,7,Low,152,0
USR_01328,19,Female,3.3,Moderate,Moderate,9,Moderate,183,0
USR_01329,21,Male,6.0,Moderate,High,3,High,5,1
USR_01330,28,Female,6.3,Low,Moderate,8,Moderate,222,0
USR_01331,30,Female,4.1,High,Low,4,Moderate,15,1
USR_01332,18,Female,4.3,High,Moderate,12,High,65,0
USR_01333,23,Male,3.3,Moderate,None,7,Low,83,0
USR_01334,31,Female,4.5,Moderate,Moderate,10,Moderate,171,1
USR_01335,28,Female,5.5,High,Low,6,High,108,0
USR_01336,33,Male,4.3,Low,High,14,Moderate,52,0
USR_01337,25,Male,2.2,High,Moderate,6,Moderate,86,0
USR_01338,34,Male,4.0,High,Moderate,10,High,220,0
USR_01339,32,Female,4.6,High,High,10,Low,32,-1
USR_01340,34,Female,7.3,Moderate,Moderate,8,Low,93,0
USR_01341,20,Male,6.8,Moderate,High,11,Low,219,0
USR_01342,24,Female,7.3,High,Moderate,9,Moderate,79,1
USR_01343,27,Male,3.9,High,Moderate,9,Low,229,1
USR_01344,16,Male,5.8,Low,Moderate,5,Low,84,0
USR_01345,16,Other,0.5,High,None,5,None,40,0
USR_01346,30,Female,6.4,High,Moderate,4,None,91,1
USR_01347,17,Female,6.8,Moderate,High,9,Moderate,74,1
USR_01348,31,Male,4.7,High,High,5,High,111,-1
USR_01349,23,Female,6.1,Low,Low,10,High,194,1
USR_01350,28,Female,2.2,High,Moderate,5,Moderate,220,0
USR_01351,16,Male,3.7,Moderate,Moderate,9,Low,234,1
USR_01352,31,Female,7.2,Moderate,High,6,Low,110,1
USR_01353,22,Female,6.6,Low,Moderate,5,Low,74,0
USR_01354,20,Female,4.6,High,High,4,Moderate,14,0
USR_01355,18,Male,7.3,Moderate,Low,6,High,218,0
USR_01356,27,Female,5.8,Moderate,Low,5,High,219,0
USR_01357,31,Female,4.4,Moderate,Moderate,6,Moderate,9,1
USR_01358,34,Male,5.1,Moderate,Low,7,Low,32,0
USR_01359,20,Female,4.5,Moderate,Moderate,4,Low,63,1
USR_01360,29,Female,2.9,None,Moderate,5,Moderate,141,0
USR_01361,20,Male,8.3,High,Moderate,7,None,171,0
USR_01362,30,Male,4.3,High,Moderate,7,High,96,0
USR_01363,32,Female,3.7,Low,High,7,Moderate,66,0
USR_01364,29,Female,2.1,High,High,9,High,93,0
USR_01365,20,Female,0.5,None,Moderate,13,High,111,0
USR_01366,27,Male,7.0,Moderate,Moderate,7,None,42,0
USR_01367,31,Other,7.2,Moderate,High,7,Low,223,0
USR_01368,31,Male,8.1,High,Moderate,5,High,156,1
USR_01369,22,Male,5.2,High,High,5,High,196,0
USR_01370,19,Female,4.8,Moderate,High,7,High,125,0
USR_01371,16,Male,4.4,None,Low,5,High,239,1
USR_01372,20,Male,4.6,None,Moderate,8,Moderate,175,0
USR_01373,25,Male,8.0,High,Moderate,12,Moderate,114,0
USR_01374,20,Male,5.4,High,Moderate,7,Moderate,148,1
USR_01375,19,Male,6.3,High,None,8,High,70,0
USR_01376,17,Other,4.5,Low,Moderate,11,High,70,0
USR_01377,25,Male,8.4,High,High,8,Moderate,201,0
USR_01378,34,Female,1.3,High,High,10,Low,50,0
USR_01379,16,Female,2.8,High,High,6,None,153,0
USR_01380,20,Female,6.3,High,None,9,High,64,1
USR_01381,28,Male,9.4,None,High,8,High,142,1
USR_01382,19,Female,5.0,Moderate,Moderate,7,High,238,0
USR_01383,31,Female,3.6,High,High,7,High,150,0
USR_01384,31,Female,7.7,High,Low,3,High,94,0
USR_01385,17,Female,6.2,High,High,8,None,216,0
USR_01386,32,Female,8.3,High,None,8,Low,173,0
USR_01387,27,Male,2.7,High,High,8,High,168,1
USR_01388,33,Female,8.2,Moderate,High,10,Moderate,117,0
USR_01389,18,Female,2.1,High,High,5,High,89,0
USR_01390,16,Female,4.9,High,Low,6,High,70,0
USR_01391,16,Other,6.4,High,Low,9,Moderate,50,0
USR_01392,34,Male,5.9,Low,High,11,Moderate,122,0
USR_01393,26,Other,7.8,Moderate,High,11,Moderate,229,0
USR_01394,20,Male,1.5,Moderate,Low,6,Low,155,0
USR_01395,27,Male,5.8,Moderate,High,10,Moderate,171,0
USR_01396,18,Male,8.1,Moderate,High,8,High,99,1
USR_01397,16,Male,5.6,High,High,17,Moderate,8,0
USR_01398,16,Female,3.0,None,High,8,High,173,0
USR_01399,23,Male,7.7,High,High,9,Moderate,7,1
USR_01400,25,Male,4.1,High,High,5,Moderate,233,1
USR_01401,26,Female,3.7,Low,High,10,Low,185,0
USR_01402,27,Female,3.4,High,Low,9,Low,124,0
USR_01403,28,Female,5.1,None,High,5,Low,78,0
USR_01404,27,Female,5.9,Moderate,Moderate,4,Moderate,110,0
USR_01405,29,Female,2.7,Low,High,8,Moderate,100,-1
USR_01406,17,Male,3.2,Low,Moderate,8,Low,40,0
USR_01407,34,Male,4.0,None,High,2,High,181,0
USR_01408,33,Female,3.4,None,Low,6,High,31,0
USR_01409,18,Male,5.6,Low,High,7,High,57,0
USR_01410,32,Female,6.3,Moderate,Low,7,Moderate,53,0
USR_01411,23,Male,6.0,High,High,6,Low,215,0
USR_01412,25,Male,6.0,High,High,7,High,106,0
USR_01413,17,Female,9.2,Moderate,None,12,Low,5,0
USR_01414,34,Female,6.4,None,Moderate,5,Moderate,222,0
USR_01415,24,Female,7.2,Moderate,High,11,None,178,0
USR_01416,22,Female,4.6,None,None,6,Moderate,66,0
USR_01417,19,Male,7.6,Low,High,10,None,209,0
USR_01418,33,Male,4.5,High,High,11,High,103,1
USR_01419,28,Female,6.4,High,None,3,None,70,0
USR_01420,26,Female,2.5,High,High,8,Moderate,154,0
USR_01421,19,Male,5.9,High,Low,5,Moderate,171,-1
USR_01422,19,Female,3.4,Moderate,High,11,High,224,0
USR_01423,25,Male,7.6,None,Low,6,Low,48,0
USR_01424,20,Male,7.4,Low,Moderate,8,None,6,0
USR_01425,24,Male,4.5,High,None,4,Low,207,0
USR_01426,18,Female,10.0,High,Moderate,12,Moderate,63,0
USR_01427,32,Female,4.9,High,High,9,Moderate,233,0
USR_01428,18,Male,2.0,Moderate,Moderate,8,High,222,0
USR_01429,31,Female,3.8,High,High,2,Moderate,160,0
USR_01430,19,Male,3.2,High,Low,4,High,222,0
USR_01431,33,Male,6.3,High,Low,8,Low,213,0
USR_01432,32,Male,2.8,High,Moderate,5,Low,199,0
USR_01433,22,Male,4.3,None,Low,4,None,18,0
USR_01434,20,Male,6.2,High,High,12,Moderate,20,1
USR_01435,27,Female,5.8,High,Moderate,4,Moderate,55,0
USR_01436,32,Female,5.5,High,Moderate,6,Moderate,104,0
USR_01437,28,Female,5.8,High,Moderate,8,Moderate,32,1
USR_01438,18,Male,4.7,Moderate,High,8,High,224,0
USR_01439,24,Male,2.0,Moderate,Low,6,Low,57,0
USR_01440,32,Male,4.6,Moderate,High,12,High,56,0
USR_01441,32,Male,6.5,Moderate,Moderate,9,Moderate,120,0
USR_01442,31,Female,5.2,High,High,9,Low,157,0
USR_01443,28,Male,6.4,Moderate,Low,14,None,189,0
USR_01444,34,Female,4.2,High,High,10,Low,13,0
USR_01445,32,Female,7.7,High,Moderate,4,High,15,0
USR_01446,19,Male,0.5,Low,High,7,Moderate,233,0
USR_01447,27,Female,5.8,Low,Moderate,11,High,111,-1
USR_01448,24,Female,8.5,Moderate,High,11,None,49,1
USR_01449,34,Female,8.8,High,Moderate,8,High,89,0
USR_01450,27,Female,5.0,High,High,5,None,6,0
USR_01451,24,Male,2.6,None,Low,6,None,186,0
USR_01452,22,Male,8.5,High,High,7,Low,166,0
USR_01453,29,Male,5.4,High,High,11,High,174,-1
USR_01454,34,Male,5.2,High,Moderate,6,High,209,0
USR_01455,30,Female,3.5,High,High,8,Low,73,0
USR_01456,31,Male,2.8,High,High,6,Low,143,0
USR_01457,20,Female,6.7,Moderate,None,6,None,33,0
USR_01458,18,Female,7.0,Moderate,None,7,High,115,1
USR_01459,27,Male,5.9,None,Low,11,Low,96,0
USR_01460,19,Male,3.8,High,High,7,Moderate,224,0
USR_01461,31,Female,3.2,High,High,8,High,9,0
USR_01462,22,Female,2.3,Moderate,Moderate,4,Moderate,24,0
USR_01463,28,Female,4.3,Moderate,High,7,Moderate,105,0
USR_01464,25,Male,3.3,Moderate,None,8,High,43,0
USR_01465,22,Male,1.7,Low,High,9,High,206,1
USR_01466,29,Male,6.9,High,None,14,Moderate,164,0
USR_01467,20,Male,2.6,Low,Moderate,14,Moderate,161,0
USR_01468,18,Female,7.7,Moderate,Low,7,High,198,0
USR_01469,26,Female,6.4,High,High,4,High,131,0
USR_01470,26,Female,6.1,Low,Low,5,None,5,0
USR_01471,33,Female,9.2,Moderate,High,11,Low,216,0
USR_01472,30,Female,2.7,High,Moderate,8,Low,123,1
USR_01473,27,Male,7.4,High,Low,14,High,133,1
USR_01474,24,Male,4.8,High,High,8,High,8,1
USR_01475,25,Female,11.2,Moderate,Moderate,7,Low,147,0
USR_01476,27,Male,4.7,High,Moderate,6,High,179,-1
USR_01477,32,Female,4.3,High,High,7,Moderate,162,0
USR_01478,21,Female,6.4,High,Moderate,5,High,138,0
USR_01479,22,Male,5.0,Moderate,High,9,Moderate,106,1
USR_01480,29,Female,3.8,Low,High,1,Low,133,0
USR_01481,28,Female,3.4,Low,Moderate,11,Low,203,0
USR_01482,23,Female,8.7,High,Moderate,8,None,66,0
USR_01483,25,Female,2.9,None,High,8,None,196,0
USR_01484,24,Female,6.0,Moderate,Low,9,Moderate,137,0
USR_01485,33,Male,7.8,Low,Low,5,Moderate,58,0
USR_01486,17,Male,7.9,High,Moderate,8,High,53,1
USR_01487,20,Female,4.2,High,Moderate,4,Moderate,11,0
USR_01488,20,Female,5.0,Low,High,4,High,104,0
USR_01489,21,Male,4.6,High,Moderate,5,Low,7,1
USR_01490,34,Male,2.1,Moderate,Moderate,10,Moderate,80,-1
USR_01491,23,Female,6.7,Low,High,8,Low,127,0
USR_01492,31,Female,5.6,Low,Moderate,5,Moderate,193,0
USR_01493,28,Female,8.7,None,High,5,High,83,-1
USR_01494,16,Female,3.7,Moderate,High,2,Low,216,0
USR_01495,32,Male,7.9,High,Moderate,7,Low,173,1
USR_01496,22,Male,8.1,High,Moderate,8,Low,153,0
USR_01497,28,Female,5.6,Moderate,Moderate,8,Low,36,-1
USR_01498,19,Male,0.7,Moderate,Moderate,5,Moderate,16,1
USR_01499,19,Male,4.4,High,None,4,None,233,0
USR_01500,21,Male,9.4,High,Moderate,7,Moderate,108,-1
USR_01501,34,Female,6.2,Moderate,Moderate,4,Low,115,-1
USR_01502,27,Female,7.0,Low,High,5,Low,11,0
USR_01503,22,Male,5.3,None,High,12,High,183,0
USR_01504,25,Male,5.0,Low,High,3,None,177,0
USR_01505,34,Female,1.4,Low,Moderate,6,None,99,0
USR_01506,22,Other,7.2,Moderate,Low,3,Moderate,69,0
USR_01507,18,Male,7.9,None,High,5,Low,192,0
USR_01508,28,Female,3.4,Moderate,High,9,None,207,1
USR_01509,28,Male,5.1,Low,High,3,High,49,0
USR_01510,33,Female,4.8,None,High,3,None,38,-1
USR_01511,23,Male,6.4,None,None,6,Moderate,215,0
USR_01512,24,Male,4.3,High,Moderate,8,Low,143,1
USR_01513,22,Female,7.5,High,High,6,Moderate,229,0
USR_01514,16,Female,5.7,High,Moderate,8,Moderate,165,-1
USR_01515,18,Male,0.5,High,Moderate,5,Low,12,0
USR_01516,28,Female,6.5,High,Moderate,10,Moderate,49,0
USR_01517,32,Male,7.7,High,High,8,Moderate,204,0
USR_01518,16,Female,3.0,High,Moderate,8,Moderate,230,0
USR_01519,21,Male,6.4,Moderate,High,8,Moderate,108,0
USR_01520,21,Female,9.5,Moderate,Low,4,Moderate,223,0
USR_01521,27,Male,5.7,High,Moderate,7,High,225,0
USR_01522,28,Female,8.0,Moderate,Moderate,11,Moderate,82,0
USR_01523,28,Female,4.5,Moderate,High,6,High,166,0
USR_01524,30,Female,5.5,Moderate,High,7,Moderate,49,1
USR_01525,31,Female,5.0,None,High,4,Moderate,127,1
USR_01526,26,Female,4.6,High,None,10,Moderate,233,0
USR_01527,20,Male,5.2,High,High,9,High,197,0
USR_01528,19,Male,1.9,High,High,4,High,205,1
USR_01529,18,Female,4.8,High,None,4,Low,184,0
USR_01530,34,Male,8.4,Moderate,Moderate,6,Moderate,142,1
USR_01531,33,Female,3.4,High,Low,4,Moderate,226,0
USR_01532,30,Other,3.2,High,High,7,High,47,1
USR_01533,24,Male,5.6,High,Moderate,4,Moderate,214,0
USR_01534,32,Female,5.7,High,Moderate,8,Low,85,0
USR_01535,29,Male,6.3,Moderate,Low,6,Moderate,202,0
USR_01536,30,Female,5.2,Moderate,High,8,High,15,0
USR_01537,16,Male,5.7,High,Moderate,7,High,220,0
USR_01538,18,Male,4.7,High,Low,15,None,168,0
USR_01539,31,Female,2.7,High,Moderate,5,Moderate,229,0
USR_01540,26,Female,5.3,High,Moderate,11,High,229,-1
USR_01541,27,Female,7.1,Low,High,7,None,150,0
USR_01542,25,Female,6.6,High,High,7,High,195,0
USR_01543,31,Male,1.7,Moderate,Moderate,10,Low,9,-1
USR_01544,23,Female,6.1,Low,Moderate,2,High,35,0
USR_01545,21,Male,3.5,High,None,6,High,20,0
USR_01546,27,Female,8.6,High,Moderate,9,Moderate,198,1
USR_01547,23,Female,6.2,None,Moderate,7,High,13,0
USR_01548,19,Female,7.5,Low,Low,5,High,6,1
USR_01549,23,Female,5.5,Moderate,High,14,None,41,1
USR_01550,33,Male,5.4,Low,Moderate,5,High,88,0
USR_01551,20,Female,8.8,Low,High,6,Low,191,1
USR_01552,24,Male,7.6,High,High,4,High,213,0
USR_01553,19,Female,5.8,Low,Low,9,None,62,0
USR_01554,32,Male,5.1,Moderate,Moderate,7,None,221,0
USR_01555,24,Female,1.7,Moderate,Moderate,11,High,87,0
USR_01556,16,Female,6.2,None,Moderate,9,Moderate,110,0
USR_01557,28,Male,5.2,Low,Moderate,11,Low,140,0
USR_01558,31,Male,6.7,High,High,7,High,56,1
USR_01559,28,Female,7.4,High,Moderate,11,Low,79,0
USR_01560,29,Male,8.2,Moderate,Moderate,6,None,209,0
USR_01561,18,Male,6.2,Moderate,Low,4,High,81,0
USR_01562,21,Male,3.2,Moderate,High,4,Low,205,0
USR_01563,33,Male,0.8,None,High,3,High,73,0
USR_01564,34,Female,3.7,Low,Moderate,6,Moderate,214,0
USR_01565,20,Female,8.4,High,Low,4,High,236,0
USR_01566,30,Male,9.5,High,Moderate,12,Moderate,129,1
USR_01567,17,Male,5.0,Moderate,Moderate,13,High,184,1
USR_01568,25,Male,2.3,Moderate,None,2,High,210,0
USR_01569,33,Male,4.1,Moderate,None,11,Low,38,0
USR_01570,28,Male,8.0,Moderate,Low,7,High,218,0
USR_01571,20,Male,4.2,Moderate,Low,8,Moderate,180,0
USR_01572,16,Male,6.8,High,High,8,High,101,0
USR_01573,16,Female,5.9,High,Low,8,High,156,0
USR_01574,33,Male,7.1,Moderate,Moderate,9,Moderate,225,1
USR_01575,30,Female,9.5,High,None,9,High,17,0
USR_01576,32,Female,6.8,High,High,11,Low,54,0
USR_01577,26,Female,5.8,High,Moderate,9,Moderate,95,0
USR_01578,32,Female,9.7,Moderate,Moderate,10,Low,197,1
USR_01579,28,Female,6.3,High,Moderate,6,High,203,0
USR_01580,16,Female,3.8,Low,High,7,Low,8,0
USR_01581,17,Female,7.0,Moderate,Moderate,8,Moderate,68,1
USR_01582,24,Female,6.5,Moderate,Low,9,High,78,0
USR_01583,18,Female,4.8,Moderate,Moderate,8,Low,236,0
USR_01584,16,Female,4.4,High,High,8,Low,231,0
USR_01585,31,Male,4.8,Moderate,Low,1,High,171,0
USR_01586,21,Male,4.3,None,High,10,None,195,0
USR_01587,32,Male,4.9,Low,High,11,Low,190,1
USR_01588,20,Female,3.6,None,Moderate,4,High,20,0
USR_01589,20,Female,6.3,Moderate,Low,3,High,223,0
USR_01590,21,Female,6.2,High,Moderate,7,Moderate,88,0
USR_01591,18,Female,6.3,High,Moderate,10,High,194,0
USR_01592,20,Male,5.4,Moderate,High,11,High,142,1
USR_01593,20,Male,5.1,High,Moderate,4,Moderate,113,0
USR_01594,25,Female,8.7,High,High,6,High,66,1
USR_01595,25,Female,5.6,Low,None,7,Moderate,165,0
USR_01596,34,Other,8.3,High,Low,5,High,203,0
USR_01597,32,Male,3.3,High,Moderate,7,High,174,0
USR_01598,29,Female,6.8,Low,Moderate,14,High,48,1
USR_01599,24,Female,3.9,Low,Low,4,Moderate,178,0
USR_01600,29,Female,4.3,High,Moderate,5,Moderate,90,0
USR_01601,16,Female,4.6,Low,High,4,Low,239,0
USR_01602,34,Female,4.5,Low,High,5,None,85,0
USR_01603,28,Male,4.5,High,Moderate,4,High,205,0
USR_01604,28,Female,8.2,High,None,2,High,126,0
USR_01605,19,Female,5.6,High,High,9,Moderate,108,1
USR_01606,16,Female,6.0,Moderate,High,4,High,206,0
USR_01607,32,Female,4.5,High,Moderate,9,High,232,0
USR_01608,23,Male,7.4,None,Low,5,High,227,0
USR_01609,17,Male,6.3,Low,High,9,Moderate,163,0
USR_01610,23,Other,4.8,Low,High,6,Moderate,137,0
USR_01611,22,Female,2.0,None,Moderate,10,None,124,0
USR_01612,17,Female,6.0,Low,Moderate,9,Moderate,150,0
USR_01613,18,Male,6.8,High,High,5,Moderate,138,0
USR_01614,33,Female,3.3,High,High,15,Moderate,110,0
USR_01615,27,Female,4.9,Moderate,Moderate,9,High,182,0
USR_01616,16,Female,6.7,High,Moderate,11,High,131,1
USR_01617,27,Male,2.0,Moderate,None,8,Low,32,0
USR_01618,20,Female,4.1,Moderate,Moderate,10,High,111,0
USR_01619,32,Female,6.3,None,High,1,High,28,0
USR_01620,31,Male,7.9,High,Moderate,11,High,201,0
USR_01621,30,Female,10.3,Low,Moderate,4,High,32,1
USR_01622,30,Female,9.8,High,High,8,High,190,0
USR_01623,20,Female,5.8,Moderate,None,4,Moderate,199,0
USR_01624,29,Female,4.4,High,Low,8,High,150,0
USR_01625,17,Male,7.5,Low,High,8,High,8,0
USR_01626,26,Male,4.3,High,High,9,Low,108,1
USR_01627,34,Male,3.8,Moderate,High,8,Low,181,0
USR_01628,22,Male,4.8,High,High,8,Moderate,132,0
USR_01629,21,Female,4.6,High,Moderate,7,Moderate,132,0
USR_01630,17,Male,6.4,Moderate,Moderate,7,High,110,0
USR_01631,21,Female,4.2,High,None,3,Low,164,0
USR_01632,33,Other,5.7,High,High,6,Moderate,100,-1
USR_01633,17,Female,9.0,High,Moderate,5,Moderate,131,0
USR_01634,33,Female,5.8,Moderate,Low,3,Moderate,215,1
USR_01635,30,Female,8.8,Moderate,Moderate,10,Moderate,97,0
USR_01636,34,Female,8.1,High,High,13,Moderate,229,0
USR_01637,17,Male,6.8,Moderate,High,7,Moderate,70,0
USR_01638,21,Male,4.7,High,High,5,Moderate,62,0
USR_01639,16,Female,7.8,Moderate,None,6,Low,15,0
USR_01640,30,Female,5.0,High,None,6,Moderate,115,0
USR_01641,25,Female,5.5,Moderate,None,7,High,229,0
USR_01642,34,Female,6.2,High,Low,8,Moderate,237,0
USR_01643,32,Female,5.5,None,High,8,None,108,-1
USR_01644,20,Male,3.9,High,None,7,High,69,0
USR_01645,19,Other,2.1,High,None,7,Low,132,0
USR_01646,25,Female,7.6,High,High,10,Moderate,238,-1
USR_01647,32,Male,6.8,Low,High,5,Moderate,21,0
USR_01648,25,Female,1.7,Moderate,Moderate,6,Low,118,0
USR_01649,32,Male,3.9,Moderate,High,8,Low,84,0
USR_01650,20,Female,5.9,None,High,5,Low,70,0
USR_01651,17,Female,6.5,None,None,8,High,122,0
USR_01652,21,Male,2.2,Moderate,None,4,High,117,0
USR_01653,17,Female,5.3,High,High,8,Moderate,136,1
USR_01654,28,Female,6.7,Low,Moderate,5,Low,164,0
USR_01655,26,Male,4.7,High,Low,7,Low,75,0
USR_01656,26,Male,6.1,Moderate,Moderate,7,High,161,0
USR_01657,31,Female,4.4,Moderate,Moderate,5,High,65,0
USR_01658,26,Male,7.5,Low,Low,9,Low,192,0
USR_01659,34,Male,3.7,Moderate,Low,5,Moderate,205,0
USR_01660,30,Male,3.0,Moderate,None,11,Moderate,62,0
USR_01661,31,Male,5.6,None,High,6,Low,231,0
USR_01662,26,Female,2.3,High,High,11,High,57,-1
USR_01663,31,Female,0.9,High,None,15,High,9,0
USR_01664,23,Male,7.9,Moderate,High,7,Low,118,0
USR_01665,19,Female,3.3,None,Moderate,7,High,65,0
USR_01666,23,Male,2.6,High,High,10,High,25,1
USR_01667,19,Female,3.7,High,Moderate,12,High,190,0
USR_01668,18,Other,3.6,High,Moderate,4,High,213,0
USR_01669,18,Male,5.2,High,High,11,High,235,0
USR_01670,33,Female,3.1,None,None,6,Low,18,0
USR_01671,34,Female,6.6,Moderate,High,6,None,100,0
USR_01672,34,Male,6.9,Moderate,Low,13,High,83,0
USR_01673,20,Male,2.7,Moderate,Low,7,Low,217,0
USR_01674,33,Male,4.1,Low,High,7,High,186,1
USR_01675,25,Female,4.3,High,Moderate,7,High,82,0
USR_01676,21,Other,5.1,High,High,5,Moderate,45,0
USR_01677,16,Female,7.9,Moderate,Low,6,None,20,0
USR_01678,20,Female,8.0,High,Moderate,9,None,55,0
USR_01679,24,Female,11.0,High,High,7,High,5,1
USR_01680,27,Female,0.5,High,Moderate,7,High,44,0
USR_01681,29,Female,3.5,High,Moderate,7,None,22,0
USR_01682,17,Male,9.5,High,None,4,High,38,0
USR_01683,32,Female,1.5,Low,High,8,Low,222,1
USR_01684,29,Female,9.4,High,Moderate,4,High,193,1
USR_01685,28,Male,5.8,None,High,3,Moderate,104,0
USR_01686,24,Female,5.9,High,Low,10,Moderate,153,0
USR_01687,30,Male,2.7,Low,High,11,Moderate,133,1
USR_01688,30,Female,4.5,Low,Moderate,4,Low,159,0
USR_01689,26,Female,9.3,None,High,4,High,183,0
USR_01690,31,Male,5.4,Low,Moderate,11,Moderate,143,0
USR_01691,32,Male,4.5,High,Low,6,Moderate,124,0
USR_01692,19,Male,6.4,High,Low,9,High,106,0
USR_01693,16,Female,5.1,High,Low,3,High,119,0
USR_01694,23,Male,6.3,High,Moderate,12,High,18,1
USR_01695,32,Female,3.6,High,Low,7,High,96,0
USR_01696,18,Male,5.3,Low,Moderate,10,None,187,0
USR_01697,30,Other,4.1,Moderate,None,5,Moderate,159,0
USR_01698,30,Female,1.5,Moderate,Moderate,10,Moderate,154,0
USR_01699,29,Female,6.6,None,Moderate,4,Low,25,1
USR_01700,29,Female,2.8,Moderate,High,7,Moderate,124,0
USR_01701,17,Female,5.1,Moderate,Moderate,4,Moderate,156,0
USR_01702,28,Female,7.5,Low,High,4,High,23,0
USR_01703,29,Male,2.2,High,Low,6,High,28,0
USR_01704,34,Male,6.8,High,Moderate,7,High,30,0
USR_01705,22,Male,4.8,None,None,8,Low,157,0
USR_01706,18,Male,3.4,None,High,6,Low,49,0
USR_01707,30,Male,10.0,Low,High,5,Moderate,112,0
USR_01708,29,Female,5.5,Moderate,Low,5,Moderate,161,0
USR_01709,26,Other,4.3,Low,Moderate,7,Moderate,206,0
USR_01710,30,Male,3.8,High,Moderate,7,Moderate,143,-1
USR_01711,28,Female,7.4,High,Low,7,High,28,0
USR_01712,33,Male,4.2,High,Moderate,7,High,28,0
USR_01713,21,Female,7.2,Moderate,High,8,Low,16,0
USR_01714,18,Female,5.5,High,Low,4,Moderate,139,0
USR_01715,34,Female,8.0,High,High,12,High,172,-1
USR_01716,30,Other,3.2,High,Low,7,High,85,0
USR_01717,20,Male,3.5,Moderate,High,7,High,103,0
USR_01718,25,Female,4.9,Low,Moderate,10,Low,74,1
USR_01719,22,Female,5.1,Moderate,High,11,Low,208,0
USR_01720,32,Male,4.7,High,Moderate,8,Moderate,83,1
USR_01721,22,Female,11.3,Moderate,High,5,None,228,0
USR_01722,27,Male,10.0,Moderate,Low,8,Low,27,0
USR_01723,32,Female,6.2,Moderate,Moderate,8,Low,203,0
USR_01724,28,Male,6.4,High,High,8,High,127,0
USR_01725,19,Male,5.0,Moderate,Moderate,6,Moderate,42,0
USR_01726,25,Female,3.2,None,Moderate,12,Moderate,163,0
USR_01727,18,Female,5.1,High,High,7,Moderate,33,1
USR_01728,24,Male,7.2,High,High,6,Low,176,0
USR_01729,28,Male,8.4,High,Moderate,5,High,160,0
USR_01730,33,Female,7.7,Moderate,High,9,Low,80,1
USR_01731,30,Male,2.2,High,High,13,Moderate,223,0
USR_01732,19,Male,4.9,High,High,8,High,72,0
USR_01733,30,Female,2.3,High,Moderate,4,Moderate,25,0
USR_01734,17,Female,8.1,None,Moderate,10,High,13,0
USR_01735,30,Male,4.6,Moderate,High,13,High,53,0
USR_01736,23,Female,5.4,Moderate,None,5,Low,102,0
USR_01737,23,Female,6.6,Low,Low,12,Moderate,41,-1
USR_01738,32,Female,11.6,High,High,10,High,25,0
USR_01739,27,Female,6.1,Low,High,9,None,192,0
USR_01740,34,Male,5.0,Moderate,None,12,High,27,0
USR_01741,25,Male,2.8,High,Moderate,6,High,220,-1
USR_01742,24,Male,8.7,Low,High,8,High,142,0
USR_01743,20,Female,5.1,Low,Moderate,5,High,234,0
USR_01744,21,Male,9.1,Low,Low,7,High,74,0
USR_01745,17,Female,7.9,High,High,10,Low,153,0
USR_01746,28,Male,4.5,None,Low,8,None,105,0
USR_01747,21,Male,2.4,None,Low,9,Low,33,0
USR_01748,20,Female,6.1,High,Moderate,5,Moderate,63,0
USR_01749,16,Male,4.1,High,Low,10,Low,172,0
USR_01750,21,Male,5.6,High,High,6,Moderate,25,0
USR_01751,21,Female,7.8,None,Moderate,10,Moderate,90,0
USR_01752,31,Male,1.9,Moderate,Moderate,9,Moderate,103,0
USR_01753,19,Female,6.1,High,Moderate,9,None,67,0
USR_01754,26,Female,7.2,High,High,7,High,50,0
USR_01755,24,Male,7.3,High,High,4,High,137,0
USR_01756,18,Female,2.5,Moderate,High,9,High,19,0
USR_01757,34,Female,6.4,High,High,9,Moderate,109,0
USR_01758,23,Male,8.1,None,High,8,Moderate,115,0
USR_01759,20,Male,6.3,Moderate,Moderate,10,Moderate,87,0
USR_01760,19,Male,5.2,Low,High,7,High,84,0
USR_01761,21,Female,8.0,High,Moderate,5,Moderate,172,0
USR_01762,17,Male,4.0,High,High,6,Moderate,115,0
USR_01763,26,Female,2.1,Moderate,High,9,Moderate,111,0
USR_01764,19,Female,5.1,High,High,7,Low,91,0
USR_01765,30,Female,6.7,High,High,10,Moderate,8,1
USR_01766,21,Male,7.8,None,Moderate,6,High,217,0
USR_01767,32,Male,6.7,High,High,6,High,156,0
USR_01768,21,Female,7.3,High,None,8,High,46,0
USR_01769,34,Male,7.8,High,None,12,High,123,0
USR_01770,17,Male,4.8,High,Moderate,6,Moderate,30,0
USR_01771,30,Male,5.2,None,Low,8,Moderate,110,0
USR_01772,26,Male,8.3,High,High,7,High,198,0
USR_01773,23,Female,2.8,High,Moderate,8,Low,108,0
USR_01774,34,Male,6.4,Moderate,Low,8,High,12,0
USR_01775,28,Male,3.9,High,High,7,High,77,1
USR_01776,27,Male,7.9,High,High,9,High,198,0
USR_01777,20,Female,5.5,High,High,11,None,82,0
USR_01778,21,Female,5.5,High,Moderate,7,Moderate,152,0
USR_01779,19,Male,9.3,High,Moderate,9,Moderate,70,0
USR_01780,34,Female,3.1,High,Moderate,9,High,72,1
USR_01781,16,Female,6.0,Low,Moderate,10,Low,103,0
USR_01782,32,Female,5.1,High,Moderate,6,Moderate,187,0
USR_01783,27,Female,6.7,Low,Low,3,Moderate,82,0
USR_01784,30,Male,9.7,Low,High,5,Moderate,89,0
USR_01785,16,Male,4.2,Moderate,Low,7,Moderate,83,0
USR_01786,29,Male,2.9,High,Moderate,5,High,43,0
USR_01787,21,Male,3.7,High,Low,4,Low,54,0
USR_01788,20,Other,5.0,Moderate,Low,3,None,24,0
USR_01789,26,Male,5.6,Moderate,Moderate,7,Moderate,74,0
USR_01790,19,Male,5.8,Moderate,High,11,High,160,0
USR_01791,28,Female,9.5,High,Moderate,10,High,121,0
USR_01792,26,Female,9.1,None,None,3,None,116,0
USR_01793,18,Male,8.4,High,Moderate,8,High,175,0
USR_01794,16,Male,11.0,High,High,8,Low,198,-1
USR_01795,21,Male,7.3,High,High,9,Moderate,32,0
USR_01796,33,Female,7.9,High,None,8,Moderate,123,0
USR_01797,25,Male,7.3,Moderate,High,7,High,102,-1
USR_01798,20,Male,6.9,Low,High,12,High,210,0
USR_01799,25,Female,6.4,Low,High,9,Moderate,77,0
USR_01800,27,Male,4.6,Low,None,6,None,155,0
USR_01801,17,Female,2.8,Moderate,High,11,High,112,1
USR_01802,28,Female,5.2,Moderate,Moderate,6,Moderate,167,-1
USR_01803,23,Male,6.7,High,Moderate,3,Moderate,26,0
USR_01804,17,Female,5.7,Moderate,High,6,Moderate,9,1
USR_01805,16,Female,3.2,High,Low,11,Moderate,64,0
USR_01806,20,Male,5.1,High,Moderate,7,Moderate,173,-1
USR_01807,24,Female,5.0,High,Moderate,13,Low,161,0
USR_01808,32,Female,5.4,High,Low,9,High,167,0
USR_01809,24,Female,6.6,Moderate,None,7,Low,118,0
USR_01810,26,Male,7.1,None,Moderate,5,Moderate,102,0
USR_01811,30,Other,4.4,High,High,5,Moderate,200,0
USR_01812,21,Male,7.7,None,Low,7,High,49,0
USR_01813,18,Male,8.0,Low,Moderate,6,Moderate,117,0
USR_01814,32,Male,6.2,Moderate,None,7,High,141,1
USR_01815,20,Male,7.0,Moderate,None,10,Moderate,183,-1
USR_01816,27,Female,7.7,High,High,10,High,18,1
USR_01817,33,Male,3.1,Low,None,4,Low,73,0
USR_01818,29,Male,7.8,Moderate,High,7,Moderate,118,-1
USR_01819,26,Female,3.8,None,Moderate,6,Low,60,0
USR_01820,24,Male,4.0,Moderate,High,4,Moderate,115,1
USR_01821,17,Male,5.9,Low,Low,13,Low,95,0
USR_01822,27,Male,0.8,Low,Moderate,6,Low,15,0
USR_01823,18,Male,5.9,High,Moderate,9,Moderate,162,0
USR_01824,18,Male,7.7,High,None,4,Moderate,119,1
USR_01825,16,Female,1.9,High,Moderate,9,Moderate,105,0
USR_01826,23,Male,7.9,Moderate,Moderate,7,High,171,0
USR_01827,23,Male,4.0,High,Low,5,None,102,0
USR_01828,26,Female,6.0,Low,Low,8,Moderate,119,0
USR_01829,24,Female,4.3,Moderate,None,6,Moderate,156,0
USR_01830,20,Male,6.8,None,None,9,Low,84,1
USR_01831,29,Female,7.8,Low,Moderate,5,High,62,1
USR_01832,18,Male,6.9,Moderate,Moderate,4,High,34,1
USR_01833,20,Female,5.5,None,High,4,High,156,0
USR_01834,20,Female,4.5,Moderate,Moderate,10,Moderate,71,1
USR_01835,34,Male,5.3,Low,High,9,High,33,1
USR_01836,29,Female,6.9,High,Low,6,Low,46,0
USR_01837,19,Male,7.0,High,High,10,Moderate,208,1
USR_01838,28,Female,6.7,High,High,5,Moderate,123,0
USR_01839,25,Male,2.7,Moderate,High,9,High,66,0
USR_01840,33,Female,5.4,Moderate,High,10,High,159,1
USR_01841,23,Female,4.1,Moderate,Moderate,5,Moderate,33,1
USR_01842,23,Female,7.0,High,High,7,High,198,0
USR_01843,22,Male,3.8,None,High,9,Low,189,0
USR_01844,23,Female,6.5,Moderate,High,5,High,193,0
USR_01845,29,Female,4.9,High,Low,7,Moderate,33,0
USR_01846,34,Female,1.4,Moderate,Low,6,Moderate,108,0
USR_01847,21,Female,7.5,Low,High,8,Moderate,61,0
USR_01848,16,Female,5.4,None,Low,16,None,205,0
USR_01849,30,Male,8.3,Moderate,Moderate,6,Moderate,59,0
USR_01850,16,Male,1.8,High,High,6,Low,120,-1
USR_01851,32,Female,4.9,High,Moderate,5,High,176,0
USR_01852,16,Male,5.0,Moderate,High,6,High,132,0
USR_01853,30,Other,6.1,Low,Low,7,High,160,1
USR_01854,17,Female,2.6,High,High,7,Moderate,169,0
USR_01855,29,Female,6.7,None,None,11,Moderate,155,0
USR_01856,23,Male,9.7,Moderate,High,7,Moderate,81,0
USR_01857,23,Female,6.5,None,Moderate,15,Low,73,0
USR_01858,34,Female,5.7,High,None,8,Low,228,0
USR_01859,22,Female,2.5,Low,High,8,Low,224,0
USR_01860,34,Female,3.8,None,Moderate,11,High,62,0
USR_01861,21,Male,5.4,None,High,7,High,211,0
USR_01862,21,Female,4.3,High,Moderate,10,Moderate,220,0
USR_01863,18,Female,7.8,High,High,6,High,164,0
USR_01864,22,Male,6.7,Moderate,High,15,Moderate,89,0
USR_01865,34,Male,11.4,High,Moderate,8,High,73,1
USR_01866,23,Female,3.3,High,Moderate,2,None,105,0
USR_01867,25,Female,5.6,High,Moderate,8,Low,40,0
USR_01868,30,Other,2.5,Moderate,High,9,Low,224,0
USR_01869,30,Female,0.6,Moderate,High,6,None,164,0
USR_01870,16,Male,7.1,High,Moderate,11,Moderate,191,0
USR_01871,22,Male,6.6,High,Moderate,9,High,132,1
USR_01872,19,Male,3.6,Moderate,High,6,Low,192,0
USR_01873,21,Male,5.7,Moderate,High,9,High,91,0
USR_01874,16,Male,4.1,High,High,10,High,212,0
USR_01875,20,Male,4.4,High,High,11,High,78,1
USR_01876,16,Male,4.8,None,High,8,High,97,1
USR_01877,19,Female,3.5,None,High,8,Low,159,0
USR_01878,17,Male,3.9,None,Moderate,5,Low,103,0
USR_01879,25,Female,4.0,Low,Moderate,9,High,238,0
USR_01880,20,Female,6.4,High,Moderate,3,High,28,0
USR_01881,25,Male,0.5,Moderate,High,7,High,91,0
USR_01882,16,Male,5.0,High,High,9,Moderate,71,0
USR_01883,21,Male,3.1,Moderate,Moderate,5,Moderate,168,0
USR_01884,28,Male,3.2,High,None,6,None,146,0
USR_01885,30,Female,4.3,Moderate,Moderate,4,High,72,0
USR_01886,19,Male,5.5,Moderate,Low,7,None,176,0
USR_01887,28,Male,5.0,High,Low,8,High,180,0
USR_01888,30,Male,3.2,Low,High,8,Moderate,110,0
USR_01889,23,Other,7.1,High,High,7,High,123,1
USR_01890,20,Female,3.5,High,Moderate,11,Moderate,36,0
USR_01891,30,Female,3.9,High,High,9,High,216,0
USR_01892,19,Male,6.1,High,Moderate,8,Low,124,0
USR_01893,27,Female,6.2,High,Low,9,High,149,0
USR_01894,28,Female,4.2,None,Low,9,Moderate,225,0
USR_01895,17,Female,0.5,High,High,12,High,189,0
USR_01896,34,Other,3.6,Moderate,Moderate,7,High,171,0
USR_01897,34,Male,5.9,High,Moderate,10,High,164,0
USR_01898,19,Female,7.0,Moderate,Low,6,None,200,0
USR_01899,19,Female,5.3,Low,Low,7,High,220,0
USR_01900,26,Male,4.4,Moderate,None,11,Moderate,238,0
USR_01901,20,Male,10.5,Moderate,High,5,High,134,0
USR_01902,26,Other,4.7,None,Moderate,8,Moderate,82,-1
USR_01903,25,Male,6.8,Low,High,3,High,236,1
USR_01904,23,Female,2.6,Moderate,High,9,Low,174,0
USR_01905,21,Other,3.1,High,None,9,Moderate,42,0
USR_01906,21,Female,6.9,Moderate,None,6,Moderate,59,0
USR_01907,23,Male,7.8,Moderate,High,6,High,187,1
USR_01908,30,Female,4.6,Moderate,High,7,Moderate,38,0
USR_01909,29,Male,1.4,Low,High,9,Moderate,50,0
USR_01910,26,Female,5.1,Moderate,Low,6,High,175,-1
USR_01911,27,Male,5.9,Low,High,10,High,134,0
USR_01912,28,Female,5.7,High,High,7,Low,168,0
USR_01913,23,Female,4.3,High,High,8,High,74,-1
USR_01914,33,Female,5.2,High,Moderate,7,High,40,0
USR_01915,16,Female,3.9,None,None,4,Moderate,154,0
USR_01916,30,Female,3.1,Low,High,8,High,73,0
USR_01917,23,Female,7.2,Moderate,Moderate,6,Moderate,170,0
USR_01918,26,Male,5.7,Moderate,High,9,Moderate,109,0
USR_01919,27,Female,5.2,Moderate,Moderate,5,High,58,0
USR_01920,27,Male,4.4,None,Moderate,15,High,154,0
USR_01921,19,Female,5.1,Low,High,6,High,116,0
USR_01922,31,Male,5.9,Moderate,High,5,Moderate,207,0
USR_01923,19,Male,9.3,Moderate,Low,9,None,111,0
USR_01924,20,Female,6.9,High,High,4,Moderate,163,1
USR_01925,20,Male,4.0,Moderate,Moderate,9,Moderate,57,1
USR_01926,23,Male,4.1,High,Moderate,5,Moderate,121,0
USR_01927,25,Female,3.7,High,High,10,Low,110,0
USR_01928,32,Female,5.1,Low,Moderate,6,Low,97,0
USR_01929,24,Female,3.7,Moderate,Low,6,High,63,0
USR_01930,34,Male,6.5,None,Moderate,9,High,101,0
USR_01931,29,Female,0.5,High,High,2,Low,90,0
USR_01932,23,Male,6.7,Moderate,Moderate,7,Moderate,181,-1
USR_01933,24,Female,6.1,High,Moderate,7,High,31,0
USR_01934,26,Female,8.3,High,Moderate,8,High,76,0
USR_01935,16,Female,7.4,High,Moderate,7,High,126,0
USR_01936,29,Male,4.0,High,High,2,Low,189,0
USR_01937,20,Male,7.2,High,Moderate,6,Moderate,138,0
USR_01938,29,Male,5.1,High,Moderate,8,Moderate,178,0
USR_01939,19,Male,1.2,High,High,6,Moderate,29,1
USR_01940,16,Male,5.8,Moderate,Moderate,10,High,102,-1
USR_01941,34,Female,4.1,High,High,15,High,141,1
USR_01942,23,Male,5.5,Moderate,High,7,Moderate,68,0
USR_01943,30,Female,9.1,Low,None,8,High,232,1
USR_01944,30,Male,6.0,Moderate,High,5,High,163,0
USR_01945,24,Female,3.3,None,High,4,High,151,0
USR_01946,24,Female,7.6,Moderate,Moderate,3,Low,117,0
USR_01947,25,Male,6.3,Moderate,None,6,High,69,0
USR_01948,24,Male,3.0,High,None,9,Moderate,220,0
USR_01949,18,Female,2.0,Low,Moderate,7,Low,102,0
USR_01950,26,Male,3.3,Low,High,4,High,149,0
USR_01951,21,Female,7.3,High,None,11,High,38,0
USR_01952,17,Female,4.8,High,Moderate,14,Low,231,-1
USR_01953,22,Female,5.7,High,High,6,Moderate,168,0
USR_01954,33,Male,2.6,Moderate,Low,9,Low,145,0
USR_01955,17,Female,7.4,High,Moderate,7,High,63,-1
USR_01956,32,Female,1.1,Moderate,High,5,None,93,0
USR_01957,26,Female,4.1,High,Low,4,High,80,1
USR_01958,27,Male,6.4,Low,Moderate,8,None,153,0
USR_01959,34,Female,3.0,High,High,8,None,105,0
USR_01960,22,Female,6.9,High,High,9,Moderate,114,1
USR_01961,21,Female,3.6,Moderate,Moderate,8,Moderate,234,1
USR_01962,16,Male,2.8,High,High,10,Low,197,0
USR_01963,32,Female,8.3,High,High,4,High,10,1
USR_01964,26,Male,5.8,High,Moderate,6,Moderate,113,0
USR_01965,33,Female,6.6,Moderate,Low,7,None,15,0
USR_01966,32,Female,7.7,None,Moderate,6,High,84,0
USR_01967,22,Female,0.5,Low,Low,6,None,154,0
USR_01968,32,Female,6.9,Moderate,Low,9,Low,143,0
USR_01969,24,Male,3.8,High,Moderate,5,Low,169,0
USR_01970,32,Other,4.1,Moderate,High,5,High,30,-1
USR_01971,23,Male,6.5,Moderate,Low,9,High,189,1
USR_01972,32,Female,4.7,High,Moderate,9,None,158,0
USR_01973,22,Female,6.8,High,High,6,High,110,0
USR_01974,16,Female,5.4,High,High,6,Moderate,153,0
USR_01975,28,Male,5.9,Low,Low,6,Low,189,0
USR_01976,34,Female,4.4,High,High,7,High,158,0
USR_01977,34,Female,3.2,Low,High,5,Moderate,19,0
USR_01978,32,Male,3.9,High,Moderate,4,High,107,0
USR_01979,28,Female,5.3,High,Low,5,Moderate,195,0
USR_01980,31,Male,9.5,High,Moderate,7,High,167,0
USR_01981,23,Male,8.7,Moderate,High,8,Moderate,143,1
USR_01982,34,Male,4.1,High,High,17,Low,205,0
USR_01983,33,Male,5.6,High,Moderate,5,High,110,0
USR_01984,16,Female,4.9,High,High,5,Moderate,219,0
USR_01985,29,Male,5.8,High,Moderate,8,Moderate,72,0
USR_01986,34,Male,6.1,High,High,8,High,226,-1
USR_01987,30,Male,6.7,None,None,6,Moderate,224,0
USR_01988,33,Female,0.5,Moderate,Moderate,7,Low,93,0
USR_01989,17,Female,6.3,Moderate,High,11,None,218,0
USR_01990,32,Male,4.6,High,Low,8,High,221,0
USR_01991,33,Male,3.9,High,High,9,Low,222,0
USR_01992,21,Female,7.2,High,High,5,Moderate,182,0
USR_01993,34,Male,8.7,Moderate,Low,2,None,33,0
USR_01994,19,Female,7.0,Moderate,High,2,High,68,1
USR_01995,16,Male,4.4,High,Moderate,7,Low,173,0
USR_01996,23,Female,3.1,Low,High,8,None,100,0
USR_01997,22,Male,0.5,Moderate,High,4,None,158,0
USR_01998,18,Female,5.9,High,High,4,Moderate,32,0
USR_01999,25,Male,6.8,High,Moderate,9,High,88,0
USR_02000,25,Other,5.3,Moderate,Moderate,9,Moderate,180,0
USR_02001,34,Male,7.6,Low,High,5,High,198,0
USR_02002,29,Female,2.6,High,High,6,Moderate,27,0
USR_02003,17,Male,5.1,High,None,5,Moderate,43,0
USR_02004,16,Male,4.9,Moderate,None,8,High,73,1
USR_02005,33,Female,5.3,High,Moderate,5,High,25,0
USR_02006,22,Male,8.1,Moderate,Low,6,High,124,0
USR_02007,23,Female,5.3,Moderate,Low,8,High,90,0
USR_02008,16,Female,4.9,High,High,8,Moderate,181,0
USR_02009,18,Female,3.4,High,High,7,High,207,0
USR_02010,23,Male,8.4,Moderate,High,13,Low,98,0
USR_02011,30,Female,2.4,High,Low,8,Moderate,96,1
USR_02012,20,Male,4.3,High,Low,4,Low,168,0
USR_02013,18,Female,9.2,Low,Moderate,11,High,85,0
USR_02014,34,Female,6.5,High,High,12,Low,89,0
USR_02015,16,Female,5.5,Moderate,Moderate,6,None,169,0
USR_02016,30,Female,5.5,High,Low,8,Moderate,232,0
USR_02017,23,Female,3.4,Moderate,Low,12,High,131,1
USR_02018,17,Male,5.3,High,High,11,Moderate,221,0
USR_02019,18,Female,4.7,None,Moderate,7,Moderate,92,1
USR_02020,29,Male,5.9,Moderate,High,7,High,98,0
USR_02021,29,Female,2.2,High,Moderate,6,None,132,0
USR_02022,26,Female,6.4,High,Moderate,6,Moderate,46,0
USR_02023,31,Female,7.7,High,High,6,Low,194,0
USR_02024,19,Male,5.1,Moderate,Low,13,Moderate,103,0
USR_02025,20,Female,6.9,Low,High,15,High,217,1
USR_02026,29,Male,6.2,Moderate,Low,7,High,138,1
USR_02027,31,Male,4.2,High,High,6,High,217,0
USR_02028,33,Male,3.2,Moderate,Moderate,14,None,140,1
USR_02029,22,Male,3.5,High,None,10,Moderate,73,0
USR_02030,25,Male,6.1,Low,High,11,Low,44,0
USR_02031,22,Female,5.4,Moderate,Moderate,4,None,142,0
USR_02032,16,Male,8.3,High,Moderate,4,High,35,1
USR_02033,34,Male,7.2,High,High,7,High,34,-1
USR_02034,31,Female,7.2,Low,Moderate,11,None,183,0
USR_02035,34,Male,6.1,Low,Low,9,Moderate,89,0
USR_02036,19,Female,3.4,High,None,9,Moderate,168,0
USR_02037,33,Female,6.2,High,Low,11,Moderate,65,1
USR_02038,17,Female,5.6,Moderate,Moderate,7,Low,31,0
USR_02039,16,Female,3.0,High,Moderate,7,Moderate,234,0
USR_02040,30,Female,8.2,High,Low,10,Low,39,1
USR_02041,20,Female,7.9,High,Moderate,4,None,64,0
USR_02042,26,Male,3.0,High,High,7,Moderate,36,-1
USR_02043,25,Female,4.1,Moderate,Moderate,7,Moderate,94,0
USR_02044,17,Male,4.3,None,Low,12,Moderate,136,0
USR_02045,18,Female,6.8,Moderate,Moderate,7,High,95,0
USR_02046,27,Male,6.6,High,Moderate,7,Moderate,104,0
USR_02047,20,Female,5.6,Moderate,High,8,High,233,0
USR_02048,20,Male,6.1,Moderate,None,9,None,31,1
USR_02049,21,Female,2.7,High,Moderate,6,Moderate,51,0
USR_02050,24,Male,6.3,None,Moderate,9,None,138,0
USR_02051,17,Female,5.3,High,High,9,High,214,0
USR_02052,27,Female,4.0,None,High,5,None,30,0
USR_02053,18,Male,2.1,High,Low,7,Moderate,28,0
USR_02054,27,Female,5.6,Moderate,None,9,Low,203,0
USR_02055,32,Female,6.3,High,High,6,High,123,0
USR_02056,25,Female,1.8,Moderate,High,8,Moderate,48,-1
USR_02057,29,Male,5.5,High,High,7,Moderate,146,0
USR_02058,32,Male,5.8,Low,High,7,Moderate,145,0
USR_02059,33,Male,4.3,Low,High,8,High,158,0
USR_02060,34,Male,6.3,Low,Low,8,None,47,1
USR_02061,32,Female,5.2,Moderate,None,12,High,47,0
USR_02062,29,Male,6.1,Low,High,6,High,70,0
USR_02063,24,Female,6.7,High,Moderate,6,High,114,0
USR_02064,23,Male,6.7,Moderate,High,4,None,115,0
USR_02065,17,Female,7.7,Moderate,High,6,Moderate,219,0
USR_02066,28,Female,6.2,Moderate,High,7,Moderate,160,0
USR_02067,22,Female,4.5,Moderate,Moderate,10,Moderate,5,0
USR_02068,24,Male,4.1,High,High,8,Low,228,0
USR_02069,26,Male,3.2,High,Moderate,7,High,144,0
USR_02070,29,Male,5.8,None,High,5,High,114,1
USR_02071,19,Male,8.4,Moderate,High,7,High,182,0
USR_02072,28,Male,4.7,High,High,10,Moderate,185,0
USR_02073,17,Male,6.5,Low,Low,3,Moderate,64,0
USR_02074,20,Male,3.8,None,Moderate,6,Moderate,187,0
USR_02075,26,Female,5.9,High,Low,12,Low,167,0
USR_02076,21,Male,8.3,Low,Moderate,8,High,193,1
USR_02077,33,Female,7.0,None,High,9,High,30,-1
USR_02078,25,Male,2.0,None,Moderate,5,High,163,0
USR_02079,19,Female,6.8,None,High,10,High,61,1
USR_02080,24,Female,6.9,Moderate,Moderate,11,High,144,0
USR_02081,21,Female,5.9,High,High,10,Moderate,225,0
USR_02082,17,Female,7.0,High,High,8,Moderate,137,1
USR_02083,32,Male,3.7,High,Moderate,6,Low,231,0
USR_02084,20,Female,5.6,High,Moderate,8,Moderate,139,0
USR_02085,21,Male,7.9,High,None,5,High,148,0
USR_02086,27,Male,7.7,High,High,8,Moderate,228,0
USR_02087,25,Female,6.7,High,Moderate,11,Moderate,56,1
USR_02088,21,Female,3.6,High,High,13,Low,85,0
USR_02089,23,Male,3.2,Low,None,6,Low,153,0
USR_02090,17,Female,5.8,High,Moderate,5,Moderate,31,0
USR_02091,27,Female,5.9,Moderate,Moderate,7,Moderate,236,1
USR_02092,28,Male,5.3,Moderate,High,7,High,115,1
USR_02093,22,Male,3.7,High,Low,9,Moderate,120,0
USR_02094,25,Male,6.5,None,High,5,None,83,0
USR_02095,28,Male,5.7,Moderate,Moderate,8,Moderate,27,1
USR_02096,32,Male,6.1,High,Low,9,High,131,0
USR_02097,29,Male,6.8,High,None,8,Moderate,204,0
USR_02098,17,Male,4.9,High,Moderate,5,None,29,0
USR_02099,26,Female,4.4,High,Low,7,High,143,0
USR_02100,16,Female,7.9,High,High,11,Moderate,67,-1
USR_02101,34,Other,3.8,Moderate,Low,8,High,189,0
USR_02102,19,Male,4.5,Low,Moderate,8,High,89,0
USR_02103,34,Female,8.2,Moderate,Moderate,8,Moderate,186,0
USR_02104,26,Female,4.3,High,Low,10,Moderate,123,0
USR_02105,23,Female,5.3,High,Low,7,High,14,-1
USR_02106,26,Male,4.6,High,High,13,Moderate,182,0
USR_02107,19,Female,1.6,High,Low,13,Moderate,205,1
USR_02108,32,Male,5.2,High,High,10,High,116,0
USR_02109,22,Male,3.3,Low,Low,7,None,133,0
USR_02110,23,Female,6.1,High,Moderate,5,High,218,0
USR_02111,18,Female,7.9,Low,High,6,Moderate,74,0
USR_02112,17,Male,0.6,High,Moderate,6,High,162,0
USR_02113,30,Female,4.6,None,Moderate,8,Moderate,59,1
USR_02114,20,Female,6.5,Moderate,Moderate,8,Moderate,102,0
USR_02115,16,Female,0.7,Moderate,High,7,Moderate,209,0
USR_02116,19,Female,8.4,High,High,8,Low,90,1
USR_02117,30,Male,6.3,Low,Low,6,Low,138,1
USR_02118,34,Other,7.9,Low,High,7,Moderate,109,0
USR_02119,18,Female,4.3,Moderate,Moderate,7,High,28,0
USR_02120,26,Male,4.5,Moderate,Moderate,7,Moderate,89,1
USR_02121,32,Female,5.1,Moderate,High,3,Moderate,107,1
USR_02122,28,Female,10.2,High,Moderate,9,High,219,0
USR_02123,26,Female,8.4,Moderate,Moderate,10,High,137,1
USR_02124,17,Female,5.8,Low,Moderate,12,High,139,0
USR_02125,24,Female,6.1,High,High,10,High,135,0
USR_02126,17,Female,6.9,High,Moderate,9,Moderate,145,1
USR_02127,24,Female,10.8,High,High,4,Low,186,0
USR_02128,24,Female,6.3,Moderate,Low,3,Moderate,195,0
USR_02129,23,Male,5.6,High,High,6,None,80,0
USR_02130,32,Female,4.8,High,None,10,High,138,0
USR_02131,16,Male,6.0,High,Moderate,13,High,102,0
USR_02132,26,Female,4.2,Low,Low,8,Moderate,211,0
USR_02133,23,Female,6.6,High,Moderate,7,Low,51,0
USR_02134,25,Female,2.3,Moderate,High,9,Moderate,214,0
USR_02135,22,Female,4.9,High,None,3,Moderate,59,0
USR_02136,18,Female,7.1,Low,High,12,Low,53,0
USR_02137,18,Male,6.3,None,High,11,Moderate,189,0
USR_02138,33,Female,4.5,High,High,10,Low,7,1
USR_02139,20,Male,5.0,High,None,10,Low,26,0
USR_02140,27,Male,7.8,Low,Moderate,11,High,39,0
USR_02141,27,Male,2.8,High,Moderate,6,Low,32,-1
USR_02142,34,Female,2.8,High,Moderate,7,High,237,1
USR_02143,21,Female,3.5,Low,Moderate,6,None,174,0
USR_02144,17,Female,5.5,None,Low,9,High,144,0
USR_02145,27,Male,2.5,Moderate,Moderate,4,Moderate,133,0
USR_02146,34,Female,7.6,High,Low,5,None,104,0
USR_02147,20,Male,3.5,High,High,5,High,226,0
USR_02148,27,Male,6.0,High,High,7,Low,121,0
USR_02149,32,Female,4.2,Low,Moderate,13,Moderate,27,0
USR_02150,32,Male,5.4,Low,Moderate,5,High,105,0
USR_02151,25,Male,2.0,Low,Moderate,6,None,32,0
USR_02152,32,Male,7.7,High,High,8,High,117,1
USR_02153,30,Male,3.4,Moderate,High,13,Low,121,1
USR_02154,27,Male,3.2,High,Moderate,6,Moderate,201,0
USR_02155,31,Male,10.7,High,Moderate,8,Low,168,0
USR_02156,34,Female,6.7,Low,High,6,Low,129,0
USR_02157,23,Female,7.6,High,Moderate,7,Moderate,58,0
USR_02158,32,Female,6.5,Moderate,High,4,None,179,0
USR_02159,20,Other,4.5,Moderate,Moderate,9,High,60,1
USR_02160,31,Male,2.6,None,High,7,Low,14,0
USR_02161,21,Female,4.8,Low,None,11,Moderate,137,0
USR_02162,23,Other,3.3,Low,Moderate,9,High,146,0
USR_02163,33,Male,3.5,Moderate,High,6,Moderate,156,1
USR_02164,27,Female,2.0,High,Moderate,11,Moderate,195,0
USR_02165,30,Male,5.8,High,Low,8,Low,32,1
USR_02166,24,Male,9.0,Moderate,Moderate,7,High,25,0
USR_02167,28,Male,6.7,Moderate,Low,5,High,236,0
USR_02168,30,Female,5.3,Moderate,High,7,High,80,0
USR_02169,25,Female,5.4,High,Low,5,High,24,0
USR_02170,31,Female,0.5,High,Moderate,6,High,194,0
USR_02171,22,Male,4.6,High,High,5,Moderate,119,0
USR_02172,32,Male,2.4,Moderate,Moderate,4,Moderate,100,0
USR_02173,22,Male,5.8,Moderate,None,6,Low,55,0
USR_02174,29,Male,4.9,Moderate,Low,5,Low,106,0
USR_02175,30,Female,3.6,High,Moderate,5,High,44,0
USR_02176,22,Male,5.7,High,High,9,High,238,1
USR_02177,24,Female,5.7,Low,Moderate,4,Low,89,0
USR_02178,34,Female,8.8,Low,High,9,Low,85,-1
USR_02179,31,Male,7.0,Moderate,High,9,Low,197,0
USR_02180,23,Female,6.0,Moderate,Moderate,8,Moderate,119,0
USR_02181,33,Male,3.4,High,Low,10,High,112,0
USR_02182,33,Male,3.1,Moderate,Moderate,5,Moderate,160,0
USR_02183,22,Male,6.8,Low,High,6,Low,186,1
USR_02184,18,Female,5.1,Moderate,Moderate,11,High,6,0
USR_02185,33,Male,6.0,Moderate,None,7,Moderate,213,0
USR_02186,25,Female,7.7,Moderate,Moderate,8,High,235,0
USR_02187,22,Female,2.2,Moderate,Moderate,8,Moderate,18,0
USR_02188,32,Male,8.6,Moderate,None,6,Moderate,18,0
USR_02189,29,Female,7.6,Moderate,Low,8,Moderate,48,0
USR_02190,18,Female,1.0,Moderate,High,5,Moderate,214,0
USR_02191,27,Male,10.7,High,High,8,Moderate,44,0
USR_02192,28,Male,6.2,None,None,10,None,38,0
USR_02193,17,Female,4.4,Low,Moderate,8,Moderate,239,0
USR_02194,18,Male,6.6,High,High,5,Low,69,-1
USR_02195,20,Female,3.3,Moderate,Moderate,10,High,238,0
USR_02196,26,Male,6.7,High,Moderate,4,Moderate,22,0
USR_02197,23,Male,3.8,High,None,6,High,116,1
USR_02198,27,Male,9.9,High,High,5,High,38,0
USR_02199,22,Male,5.6,Moderate,Moderate,9,High,91,0
USR_02200,30,Female,6.9,Low,Low,6,Moderate,181,0
USR_02201,32,Male,3.8,Moderate,High,7,Moderate,84,-1
USR_02202,19,Female,7.3,Moderate,High,6,Low,215,0
USR_02203,28,Female,5.5,High,None,5,Low,233,0
USR_02204,33,Female,2.4,High,Moderate,6,High,128,0
USR_02205,16,Female,5.0,High,Moderate,7,Low,187,0
USR_02206,31,Male,9.7,Low,Moderate,4,Moderate,66,0
USR_02207,28,Male,7.4,None,High,9,Low,132,0
USR_02208,25,Female,4.7,Moderate,None,4,Moderate,74,0
USR_02209,27,Male,1.4,Moderate,High,8,High,156,1
USR_02210,17,Female,3.7,None,Moderate,7,Moderate,213,0
USR_02211,18,Male,2.4,High,High,6,Moderate,52,0
USR_02212,25,Female,1.4,Low,High,7,None,84,1
USR_02213,17,Female,7.2,Moderate,Low,7,High,43,-1
USR_02214,28,Female,5.6,Moderate,Low,5,Moderate,180,1
USR_02215,28,Female,9.4,High,None,13,Moderate,237,0
USR_02216,33,Female,3.3,Moderate,Moderate,8,Moderate,74,0
USR_02217,18,Female,5.5,Low,Moderate,4,Low,84,0
USR_02218,22,Female,2.4,High,Moderate,3,Low,13,0
USR_02219,29,Male,4.2,Moderate,Low,6,Low,33,0
USR_02220,32,Male,5.0,High,Moderate,5,High,200,0
USR_02221,27,Male,4.7,Low,High,7,High,192,0
USR_02222,31,Female,5.6,Moderate,High,13,High,158,1
USR_02223,27,Male,7.6,Low,High,5,High,122,0
USR_02224,30,Female,7.4,High,Moderate,8,Moderate,170,0
USR_02225,25,Female,3.8,High,None,6,Moderate,66,0
USR_02226,22,Female,5.4,High,High,12,Low,158,1
USR_02227,20,Female,7.2,High,High,8,Moderate,146,0
USR_02228,16,Male,7.8,High,High,8,Moderate,231,1
USR_02229,32,Female,4.0,Moderate,Low,5,Moderate,181,0
USR_02230,18,Female,7.1,High,High,12,Moderate,47,0
USR_02231,28,Male,6.2,Moderate,High,5,Moderate,92,1
USR_02232,29,Male,3.2,High,High,5,High,12,0
USR_02233,33,Female,7.3,Moderate,Moderate,7,Low,172,0
USR_02234,19,Female,5.8,Moderate,Moderate,7,Low,29,0
USR_02235,33,Male,1.7,Moderate,Low,7,Low,195,0
USR_02236,20,Female,4.9,None,High,6,Moderate,136,0
USR_02237,31,Female,5.6,High,Moderate,7,Moderate,19,1
USR_02238,16,Male,4.2,High,High,6,Moderate,20,1
USR_02239,29,Other,8.2,High,High,7,High,58,0
USR_02240,30,Female,8.3,High,Moderate,14,Moderate,131,0
USR_02241,24,Female,4.7,Moderate,High,11,None,15,0
USR_02242,30,Female,4.4,Moderate,Moderate,10,High,32,1
USR_02243,32,Male,5.2,Moderate,High,9,Moderate,11,0
USR_02244,19,Male,5.1,High,High,12,Low,118,-1
USR_02245,27,Male,4.2,None,Low,5,Moderate,132,0
USR_02246,20,Male,0.5,None,Moderate,8,Moderate,42,0
USR_02247,20,Male,9.4,High,Moderate,8,Low,156,0
USR_02248,26,Female,5.5,High,Low,5,Moderate,227,0
USR_02249,21,Female,5.1,Low,Moderate,14,Low,72,0
USR_02250,22,Female,6.2,None,Low,9,High,41,0
USR_02251,29,Female,5.3,High,Moderate,8,Low,124,1
USR_02252,26,Female,4.6,High,High,12,High,39,-1
USR_02253,28,Male,3.3,None,High,16,High,138,0
USR_02254,17,Male,1.5,Moderate,Moderate,8,Moderate,114,0
USR_02255,22,Female,2.5,High,High,7,Moderate,165,0
USR_02256,19,Female,3.0,Moderate,High,7,Low,120,0
USR_02257,23,Male,6.9,None,High,8,High,228,0
USR_02258,34,Female,7.1,Low,High,9,Low,114,0
USR_02259,28,Male,3.6,Moderate,High,5,High,106,0
USR_02260,29,Female,0.5,Moderate,High,9,None,103,0
USR_02261,25,Female,5.5,High,High,7,Moderate,213,0
USR_02262,26,Female,4.6,Low,High,7,High,186,0
USR_02263,17,Other,4.5,High,Moderate,3,Low,228,0
USR_02264,24,Female,7.6,None,High,8,None,146,0
USR_02265,32,Female,5.8,High,Low,7,None,151,0
USR_02266,18,Female,3.4,Low,Low,7,High,220,0
USR_02267,21,Female,2.8,High,Moderate,11,Moderate,235,0
USR_02268,20,Female,4.9,Moderate,Moderate,7,Moderate,143,0
USR_02269,20,Male,3.5,High,High,10,Low,75,1
USR_02270,30,Male,5.3,Moderate,High,9,Moderate,177,0
USR_02271,32,Female,7.8,Low,None,12,Moderate,192,0
USR_02272,24,Male,2.5,Moderate,High,7,Low,92,0
USR_02273,18,Male,5.7,Moderate,None,8,Low,190,1
USR_02274,32,Other,7.5,High,Moderate,11,Low,92,0
USR_02275,25,Female,5.3,None,High,2,Low,82,0
USR_02276,18,Female,7.1,Moderate,Moderate,5,Moderate,156,0
USR_02277,33,Male,4.9,Moderate,Moderate,11,High,15,0
USR_02278,33,Male,5.9,Low,High,11,Low,204,0
USR_02279,32,Male,6.5,Moderate,High,9,Moderate,131,0
USR_02280,18,Male,4.2,High,Low,7,High,176,0
USR_02281,18,Male,9.9,Moderate,Moderate,6,Low,83,0
USR_02282,21,Male,6.8,Moderate,High,12,Low,238,0
USR_02283,28,Female,8.4,Low,High,11,None,198,0
USR_02284,30,Female,7.9,Low,Low,4,Moderate,220,-1
USR_02285,24,Male,6.2,High,Moderate,8,Moderate,177,0
USR_02286,19,Male,8.5,High,Moderate,4,None,78,0
USR_02287,29,Female,5.9,High,None,9,High,164,0
USR_02288,20,Male,3.9,High,High,9,Low,21,0
USR_02289,17,Female,5.5,Moderate,Moderate,6,None,186,0
USR_02290,26,Male,3.3,Low,Low,4,Moderate,142,0
USR_02291,24,Male,0.9,High,Low,9,None,218,0
USR_02292,18,Male,3.6,Moderate,High,6,Moderate,10,0
USR_02293,24,Male,5.7,None,High,3,High,223,0
USR_02294,18,Female,7.8,Low,Moderate,5,High,152,0
USR_02295,17,Female,3.6,Moderate,High,4,Low,5,0
USR_02296,27,Female,7.7,Low,None,14,High,68,0
USR_02297,25,Male,2.8,Moderate,High,6,Moderate,213,1
USR_02298,24,Female,3.5,High,High,4,High,5,0
USR_02299,30,Female,8.7,High,High,3,None,105,0
USR_02300,23,Female,5.6,High,Moderate,6,High,193,0
USR_02301,20,Male,5.1,High,Low,8,Moderate,211,1
USR_02302,26,Male,6.0,None,Moderate,6,Moderate,5,0
USR_02303,17,Female,2.8,Low,None,7,Low,213,0
USR_02304,30,Female,4.8,High,High,13,Moderate,178,0
USR_02305,21,Male,5.5,Moderate,High,12,None,113,0
USR_02306,23,Male,8.2,High,Low,7,Moderate,64,0
USR_02307,20,Female,1.8,Moderate,Low,6,High,47,0
USR_02308,31,Female,9.4,Low,Low,7,Moderate,176,0
USR_02309,33,Male,5.2,High,Low,13,Moderate,42,0
USR_02310,21,Female,3.1,High,High,6,Moderate,111,0
USR_02311,20,Female,2.7,Moderate,High,8,Low,6,0
USR_02312,31,Female,6.1,Moderate,None,4,Moderate,86,0
USR_02313,28,Female,2.5,High,High,7,High,144,0
USR_02314,20,Male,4.3,Moderate,Moderate,11,High,225,0
USR_02315,28,Female,5.0,Moderate,Moderate,6,None,155,0
USR_02316,32,Male,8.0,High,High,7,Low,115,0
USR_02317,33,Female,7.7,High,Low,7,High,13,-1
USR_02318,23,Female,4.1,High,High,8,High,140,0
USR_02319,28,Male,5.0,Low,Low,3,Moderate,182,0
USR_02320,34,Female,2.0,None,Moderate,12,Low,84,0
USR_02321,18,Other,1.0,Low,Moderate,7,High,66,0
USR_02322,23,Male,2.8,Moderate,Moderate,8,Moderate,27,0
USR_02323,17,Female,8.0,Moderate,High,5,High,97,0
USR_02324,23,Female,7.2,Moderate,Moderate,6,Low,63,0
USR_02325,28,Female,6.3,None,Moderate,6,High,14,0
USR_02326,28,Male,2.3,High,Moderate,7,High,144,0
USR_02327,16,Male,3.9,Moderate,High,7,Moderate,194,0
USR_02328,21,Male,3.6,Moderate,High,8,Moderate,129,0
USR_02329,34,Female,5.1,Moderate,High,5,Low,120,0
USR_02330,31,Male,5.0,High,Moderate,6,High,208,0
USR_02331,23,Female,3.3,Moderate,High,9,Moderate,162,0
USR_02332,16,Male,6.3,Low,Low,8,High,78,0
USR_02333,31,Female,6.0,Moderate,Moderate,14,Moderate,210,0
USR_02334,24,Male,3.9,Low,Low,5,High,200,0
USR_02335,28,Male,6.2,High,Low,9,High,179,0
USR_02336,26,Male,8.0,None,High,4,High,216,0
USR_02337,28,Male,8.6,Moderate,Low,8,Moderate,45,0
USR_02338,25,Female,6.6,Moderate,Moderate,8,Moderate,107,0
USR_02339,19,Female,6.5,High,Low,9,Moderate,11,0
USR_02340,21,Female,5.0,High,Low,9,Moderate,98,0
USR_02341,22,Female,7.8,Moderate,High,6,High,120,0
USR_02342,20,Female,3.1,High,Moderate,4,High,109,0
USR_02343,26,Female,7.5,Moderate,Moderate,3,High,220,0
USR_02344,28,Female,4.9,High,Moderate,8,High,206,0
USR_02345,34,Female,8.8,Low,High,6,High,56,0
USR_02346,25,Male,6.8,Low,High,8,High,49,0
USR_02347,25,Female,5.4,High,Moderate,12,Low,42,1
USR_02348,26,Male,5.0,Moderate,Moderate,3,Moderate,168,0
USR_02349,22,Female,6.7,Low,None,8,Moderate,85,0
USR_02350,33,Female,6.5,Moderate,Low,4,Low,89,0
USR_02351,19,Male,4.6,High,Moderate,10,None,62,0
USR_02352,17,Male,5.7,Moderate,High,10,Moderate,50,1
USR_02353,29,Female,7.5,High,High,9,Moderate,127,1
USR_02354,28,Female,2.5,High,Moderate,9,None,199,0
USR_02355,27,Male,7.1,High,Low,4,Low,197,0
USR_02356,22,Female,6.6,Moderate,Moderate,6,Low,150,0
USR_02357,17,Female,8.1,High,Moderate,8,Moderate,134,0
USR_02358,28,Female,3.9,None,Low,8,Moderate,108,0
USR_02359,29,Other,5.5,High,None,3,Moderate,116,0
USR_02360,32,Female,6.0,High,High,6,Moderate,136,0
USR_02361,24,Male,7.1,Moderate,High,4,Moderate,100,0
USR_02362,32,Female,6.4,High,High,13,Low,87,1
USR_02363,23,Female,2.8,Moderate,Moderate,8,None,216,0
USR_02364,17,Male,6.1,High,None,10,Moderate,174,-1
USR_02365,28,Male,9.9,High,High,10,Moderate,53,1
USR_02366,18,Male,6.8,High,High,8,Moderate,181,0
USR_02367,31,Female,9.1,High,Low,10,High,121,1
USR_02368,21,Female,7.8,High,Low,9,None,139,0
USR_02369,34,Female,8.5,Low,None,13,Moderate,13,0
USR_02370,22,Female,6.2,Moderate,Moderate,7,High,203,0
USR_02371,25,Female,6.6,Moderate,Moderate,10,Moderate,31,-1
USR_02372,24,Male,6.1,Moderate,High,12,Low,153,0
USR_02373,17,Male,5.5,Moderate,High,13,High,39,1
USR_02374,30,Male,7.1,None,Moderate,6,High,92,1
USR_02375,20,Male,4.4,High,High,8,Moderate,228,1
USR_02376,19,Female,9.6,High,High,9,Low,208,0
USR_02377,19,Female,3.5,High,Low,7,High,219,-1
USR_02378,33,Male,7.3,High,High,5,Low,168,1
USR_02379,19,Female,8.5,High,Low,4,Moderate,97,0
USR_02380,32,Female,5.1,Moderate,High,10,High,71,1
USR_02381,27,Male,3.1,Moderate,Low,11,High,47,0
USR_02382,32,Male,8.0,None,High,4,High,12,1
USR_02383,25,Male,5.9,High,Low,11,None,230,1
USR_02384,16,Male,7.3,High,High,11,None,125,0
USR_02385,33,Female,5.3,None,Moderate,9,High,82,1
USR_02386,33,Male,9.3,Low,Low,15,Moderate,40,1
USR_02387,29,Male,0.8,Moderate,High,11,None,131,0
USR_02388,30,Female,6.3,Moderate,High,14,Moderate,52,1
USR_02389,27,Other,8.5,Low,Low,2,High,178,0
USR_02390,19,Male,5.7,Moderate,Low,9,High,164,0
USR_02391,18,Male,6.2,High,High,6,Low,139,0
USR_02392,27,Male,4.5,Low,High,9,Moderate,78,1
USR_02393,22,Male,5.5,Moderate,High,8,Moderate,144,0
USR_02394,26,Male,1.8,High,High,8,Moderate,59,0
USR_02395,16,Female,3.9,Moderate,None,12,High,236,0
USR_02396,21,Male,3.8,High,Moderate,7,High,27,0
USR_02397,30,Male,7.0,Low,Moderate,9,None,207,0
USR_02398,30,Female,4.2,High,None,6,Low,184,0
USR_02399,34,Male,4.3,Low,Moderate,8,Moderate,17,0
USR_02400,26,Male,4.7,Moderate,Moderate,9,High,208,0
USR_02401,17,Male,3.9,High,High,5,Moderate,203,0
USR_02402,29,Other,6.1,High,Moderate,8,Moderate,57,0
USR_02403,17,Male,6.3,Moderate,Moderate,4,Moderate,67,0
USR_02404,19,Female,7.3,None,High,11,None,78,1
USR_02405,32,Female,6.9,High,High,4,High,203,0
USR_02406,18,Male,6.7,High,High,4,Moderate,55,0
USR_02407,28,Other,4.8,Moderate,High,4,High,190,1
USR_02408,24,Male,4.6,Low,Moderate,5,Moderate,159,0
USR_02409,22,Male,3.6,High,Moderate,6,Moderate,11,0
USR_02410,30,Female,3.5,Moderate,Moderate,4,Moderate,123,0
USR_02411,26,Female,5.9,Moderate,High,6,High,54,1
USR_02412,17,Female,3.9,High,Moderate,7,Moderate,156,0
USR_02413,30,Male,8.7,Moderate,High,8,None,91,1
USR_02414,29,Male,5.4,High,Moderate,9,Moderate,157,0
USR_02415,26,Female,8.8,Low,Low,6,High,48,0
USR_02416,18,Male,6.8,Moderate,High,3,Low,40,0
USR_02417,32,Male,3.8,Moderate,Low,14,High,189,0
USR_02418,27,Male,5.4,High,Low,8,Moderate,101,0
USR_02419,30,Male,1.8,High,High,11,Moderate,169,1
USR_02420,31,Female,5.9,Low,High,3,High,238,0
USR_02421,20,Male,4.0,Moderate,None,8,Moderate,107,0
USR_02422,21,Other,3.1,Moderate,High,9,Low,184,0
USR_02423,34,Male,8.8,Moderate,Low,6,High,129,0
USR_02424,20,Female,7.8,High,Moderate,9,Moderate,195,0
USR_02425,18,Male,7.7,High,High,7,High,11,1
USR_02426,16,Male,7.2,High,High,10,Moderate,98,0
USR_02427,21,Male,2.8,High,Moderate,6,High,192,0
USR_02428,30,Male,4.6,Low,Moderate,6,High,227,0
USR_02429,17,Female,4.8,High,Moderate,7,High,125,0
USR_02430,18,Other,1.7,High,None,1,High,113,0
USR_02431,32,Female,4.3,Low,Low,7,Moderate,41,-1
USR_02432,27,Male,4.3,High,High,8,Moderate,25,0
USR_02433,33,Male,5.8,Moderate,Low,6,Moderate,102,1
USR_02434,30,Male,11.1,High,Low,6,High,50,1
USR_02435,27,Female,5.5,High,None,4,High,25,0
USR_02436,31,Female,5.8,High,Moderate,9,Moderate,236,0
USR_02437,23,Female,4.9,High,Low,4,Low,216,0
USR_02438,29,Male,7.1,Low,Moderate,14,Moderate,102,0
USR_02439,32,Female,3.1,Moderate,High,6,None,76,1
USR_02440,23,Male,9.7,High,None,8,None,100,1
USR_02441,30,Female,5.2,High,High,5,High,56,1
USR_02442,29,Female,4.6,High,High,9,High,226,0
USR_02443,33,Female,7.6,High,Low,7,Low,33,0
USR_02444,22,Female,3.5,High,High,5,High,73,0
USR_02445,18,Male,7.1,Moderate,Low,8,Moderate,226,0
USR_02446,27,Female,8.6,Low,Moderate,6,None,208,0
USR_02447,18,Male,5.0,High,High,10,Moderate,171,0
USR_02448,29,Female,10.0,Moderate,Moderate,7,High,31,1
USR_02449,30,Male,6.9,Low,Low,6,Low,209,0
USR_02450,29,Female,6.9,High,Moderate,7,Moderate,115,0
USR_02451,22,Female,8.5,Low,None,10,None,142,0
USR_02452,32,Female,9.1,Low,Low,6,High,40,-1
USR_02453,27,Female,6.1,High,High,8,Moderate,99,1
USR_02454,19,Female,7.3,None,High,9,Low,20,0
USR_02455,24,Female,8.6,High,None,10,High,235,1
USR_02456,21,Female,2.9,High,Moderate,5,High,168,0
USR_02457,31,Female,1.7,Low,High,11,High,94,1
USR_02458,17,Male,5.4,High,Low,7,Moderate,112,0
USR_02459,23,Other,1.6,High,Low,4,None,88,0
USR_02460,26,Female,4.8,High,Moderate,11,High,166,0
USR_02461,28,Female,6.2,Low,Moderate,5,High,169,0
USR_02462,32,Male,4.9,Low,Moderate,11,Moderate,204,0
USR_02463,23,Male,5.2,Moderate,Moderate,3,High,72,0
USR_02464,33,Female,3.3,None,Low,3,Moderate,63,0
USR_02465,33,Male,7.2,High,None,11,Moderate,161,1
USR_02466,29,Female,3.2,High,Moderate,7,Moderate,35,1
USR_02467,30,Female,0.9,Moderate,Low,6,High,70,1
USR_02468,21,Male,5.0,Low,None,8,High,93,0
USR_02469,26,Female,7.5,High,High,14,Low,234,0
USR_02470,28,Female,5.7,High,High,5,High,7,0
USR_02471,16,Female,2.9,Low,Low,10,Low,238,0
USR_02472,21,Female,5.7,None,High,10,Low,111,0
USR_02473,24,Male,6.5,Moderate,High,5,High,73,0
USR_02474,23,Female,5.7,High,High,13,None,26,0
USR_02475,26,Male,4.9,None,Moderate,11,High,84,0
USR_02476,34,Female,6.6,Low,High,9,Low,205,0
USR_02477,24,Female,1.7,Moderate,High,5,Moderate,57,0
USR_02478,32,Male,3.5,Low,None,13,High,180,0
USR_02479,27,Female,2.6,Low,Moderate,8,None,205,0
USR_02480,29,Female,8.5,None,Moderate,6,None,80,0
USR_02481,30,Male,7.1,Low,High,8,Moderate,179,0
USR_02482,31,Other,5.9,Moderate,Low,5,Moderate,46,1
USR_02483,16,Male,2.3,Moderate,Low,4,None,8,0
USR_02484,25,Male,7.1,Moderate,Moderate,7,Moderate,117,0
USR_02485,23,Female,8.6,Moderate,High,8,High,214,1
USR_02486,33,Female,6.8,Low,Moderate,7,Moderate,214,0
USR_02487,16,Female,5.4,None,Low,6,Low,46,0
USR_02488,17,Female,6.9,Moderate,Moderate,4,Low,175,0
USR_02489,16,Female,6.1,Moderate,Low,7,None,101,0
USR_02490,16,Female,7.5,High,Moderate,8,High,174,1
USR_02491,24,Male,7.5,Moderate,Moderate,13,Moderate,130,0
USR_02492,28,Male,5.0,Moderate,Low,11,High,7,-1
USR_02493,16,Male,4.0,High,High,6,Low,191,0
USR_02494,28,Male,4.6,Moderate,Moderate,3,Moderate,234,0
USR_02495,22,Female,6.7,High,None,3,High,85,0
USR_02496,17,Male,4.8,High,Low,6,Moderate,208,1
USR_02497,21,Male,3.8,Low,High,6,High,143,1
USR_02498,22,Male,5.5,High,High,6,High,85,1
USR_02499,29,Female,7.9,High,Moderate,7,Moderate,167,0
USR_02500,33,Female,5.8,High,Low,7,Low,109,0
USR_02501,30,Female,4.9,High,Moderate,7,High,182,0
USR_02502,17,Female,6.2,Low,Moderate,10,High,195,0
USR_02503,25,Female,5.7,Moderate,High,10,High,128,0
USR_02504,27,Female,1.2,Low,Moderate,10,Moderate,202,1
USR_02505,32,Male,7.0,High,Moderate,4,High,103,1
USR_02506,23,Female,6.4,High,None,5,Low,10,0
USR_02507,26,Female,5.5,High,High,9,None,36,0
USR_02508,18,Female,7.8,Moderate,Low,7,Moderate,15,0
USR_02509,21,Female,8.2,Moderate,Moderate,13,Low,47,1
USR_02510,24,Female,7.3,None,Moderate,4,Moderate,43,0
USR_02511,21,Female,3.6,Moderate,Low,9,High,145,0
USR_02512,24,Female,3.7,Moderate,High,8,High,17,0
USR_02513,22,Male,8.0,Low,High,2,Moderate,43,0
USR_02514,24,Female,1.4,None,Low,4,None,178,0
USR_02515,33,Male,5.2,High,Moderate,9,Low,166,0
USR_02516,27,Female,6.5,High,High,11,None,199,0
USR_02517,23,Female,1.6,Moderate,Moderate,9,None,164,0
USR_02518,23,Male,6.0,Moderate,Moderate,11,High,72,1
USR_02519,33,Female,7.6,None,None,8,High,108,0
USR_02520,30,Male,2.2,Moderate,High,6,Moderate,69,0
USR_02521,22,Female,9.1,High,Low,6,Moderate,205,0
USR_02522,26,Male,3.3,None,High,4,Moderate,117,0
USR_02523,31,Female,6.8,Low,High,7,Low,11,0
USR_02524,19,Male,5.3,High,High,15,Low,223,-1
USR_02525,21,Female,5.7,None,Low,8,Moderate,7,0
USR_02526,18,Male,2.7,High,High,11,High,90,1
USR_02527,24,Female,8.3,High,Low,3,High,212,0
USR_02528,25,Female,6.2,None,Moderate,8,Moderate,204,0
USR_02529,29,Other,9.1,Moderate,None,8,None,201,0
USR_02530,26,Female,2.7,High,Low,5,High,53,0
USR_02531,33,Female,5.1,High,Low,6,Moderate,62,0
USR_02532,27,Male,6.0,Moderate,Low,9,None,226,0
USR_02533,27,Male,5.6,High,Moderate,4,High,32,0
USR_02534,28,Male,7.0,Moderate,Low,7,High,119,0
USR_02535,28,Female,5.1,Moderate,High,7,Moderate,159,1
USR_02536,34,Female,10.2,High,High,11,Moderate,26,0
USR_02537,34,Male,5.6,Moderate,Moderate,10,None,98,0
USR_02538,29,Female,0.5,Low,Moderate,7,High,105,0
USR_02539,19,Female,5.7,Moderate,Moderate,8,Moderate,75,-1
USR_02540,28,Female,8.3,High,Moderate,5,High,118,1
USR_02541,23,Male,3.5,High,High,13,Moderate,226,0
USR_02542,34,Male,3.3,Moderate,Moderate,9,High,17,0
USR_02543,27,Female,3.7,Low,High,4,Low,154,0
USR_02544,33,Female,3.1,High,None,12,Moderate,207,0
USR_02545,21,Male,4.4,High,None,6,Low,9,0
USR_02546,33,Female,7.5,High,None,8,Moderate,26,0
USR_02547,34,Female,8.9,Moderate,High,6,Moderate,211,0
USR_02548,20,Female,0.5,High,Moderate,11,Low,131,0
USR_02549,24,Female,4.7,Low,None,1,High,57,0
USR_02550,18,Male,6.2,High,None,6,High,43,0
USR_02551,25,Male,5.9,Moderate,Low,10,Moderate,41,0
USR_02552,34,Female,9.7,Moderate,Moderate,6,Moderate,35,0
USR_02553,18,Male,1.1,Moderate,Moderate,7,Moderate,66,0
USR_02554,30,Male,0.5,High,Low,6,Moderate,225,0
USR_02555,16,Male,10.0,Moderate,High,12,High,107,0
USR_02556,22,Male,7.2,High,Moderate,8,High,85,0
USR_02557,27,Male,4.2,High,Low,8,High,131,0
USR_02558,32,Male,5.9,Moderate,Moderate,5,None,237,0
USR_02559,20,Male,6.0,Moderate,Moderate,9,Low,10,0
USR_02560,19,Male,4.2,High,Moderate,9,High,109,1
USR_02561,27,Female,5.8,High,None,5,High,85,0
USR_02562,33,Female,6.3,Low,Moderate,5,High,166,0
USR_02563,32,Female,9.9,Low,Low,10,High,91,0
USR_02564,34,Male,7.6,High,Moderate,14,Low,56,0
USR_02565,24,Male,9.3,Moderate,Moderate,9,High,162,0
USR_02566,19,Female,2.5,High,Moderate,5,High,17,0
USR_02567,17,Female,4.7,Moderate,Moderate,8,Moderate,190,0
USR_02568,19,Female,6.0,Low,Moderate,10,High,226,0
USR_02569,17,Male,1.3,High,Moderate,8,Moderate,57,0
USR_02570,30,Female,8.1,Low,High,6,Moderate,152,-1
USR_02571,17,Male,6.9,Moderate,High,3,Moderate,138,0
USR_02572,19,Male,4.7,Moderate,High,14,High,59,0
USR_02573,21,Female,5.1,Moderate,Low,9,Moderate,163,0
USR_02574,22,Female,8.3,None,High,7,Low,63,0
USR_02575,25,Male,3.8,High,High,5,High,151,0
USR_02576,34,Male,8.3,High,High,7,High,202,1
USR_02577,34,Female,4.9,High,Moderate,6,High,102,0
USR_02578,27,Male,7.2,None,High,8,Moderate,160,0
USR_02579,18,Male,5.7,Moderate,Moderate,12,High,145,-1
USR_02580,28,Male,10.4,Moderate,High,7,High,184,0
USR_02581,33,Female,3.5,High,Low,3,High,78,0
USR_02582,23,Male,4.2,Low,None,13,Moderate,65,0
USR_02583,30,Other,2.2,Low,None,11,High,173,0
USR_02584,16,Female,3.1,Moderate,Moderate,6,Low,49,0
USR_02585,18,Other,7.1,High,Moderate,7,Moderate,139,1
USR_02586,23,Female,9.0,High,Moderate,6,Moderate,214,1
USR_02587,19,Male,7.3,Moderate,High,4,Moderate,90,-1
USR_02588,31,Male,5.5,Moderate,Moderate,8,Moderate,18,0
USR_02589,25,Male,3.5,High,High,4,None,40,0
USR_02590,27,Male,7.5,Moderate,Low,12,Low,12,-1
USR_02591,29,Female,3.4,High,High,5,Moderate,16,0
USR_02592,29,Male,2.5,Low,Moderate,9,Low,172,0
USR_02593,17,Male,4.8,Moderate,Moderate,9,Moderate,229,0
USR_02594,20,Male,1.0,High,Moderate,7,High,220,0
USR_02595,20,Female,2.5,Moderate,Low,10,High,110,0
USR_02596,21,Male,9.6,High,Moderate,7,Moderate,235,-1
USR_02597,28,Male,2.1,High,Moderate,4,High,194,0
USR_02598,24,Male,2.9,Low,Moderate,7,High,146,1
USR_02599,30,Female,5.7,High,High,9,High,181,-1
USR_02600,29,Female,5.8,High,Moderate,8,None,55,0
USR_02601,22,Male,5.0,High,None,11,High,194,0
USR_02602,17,Male,1.1,High,None,5,Moderate,9,0
USR_02603,22,Male,7.4,High,Low,7,None,215,0
USR_02604,21,Male,4.5,High,High,13,Moderate,199,0
USR_02605,32,Female,8.2,Moderate,High,7,Moderate,5,0
USR_02606,17,Female,4.1,High,Moderate,13,Low,108,0
USR_02607,18,Male,7.7,Moderate,Low,6,Moderate,109,0
USR_02608,20,Female,8.4,High,Moderate,11,High,105,0
USR_02609,20,Male,4.5,High,Low,10,Low,132,0
USR_02610,16,Female,7.4,High,Moderate,8,High,101,1
USR_02611,23,Female,2.6,Low,High,3,Low,53,0
USR_02612,27,Male,6.1,Moderate,High,10,High,149,1
USR_02613,19,Female,8.2,Low,High,6,Moderate,205,0
USR_02614,28,Male,6.6,High,Moderate,5,Moderate,99,-1
USR_02615,30,Male,10.8,Low,High,11,None,39,0
USR_02616,26,Male,6.8,High,Low,8,Moderate,199,1
USR_02617,25,Male,4.7,High,Moderate,10,None,17,0
USR_02618,18,Female,11.7,Moderate,High,6,Moderate,120,1
USR_02619,29,Female,9.1,High,High,6,Moderate,169,0
USR_02620,31,Female,2.0,None,High,10,Moderate,42,0
USR_02621,25,Female,3.8,High,Low,8,High,82,0
USR_02622,25,Female,3.2,None,Moderate,1,Low,138,0
USR_02623,27,Male,6.9,Moderate,High,16,High,225,-1
USR_02624,24,Female,6.8,Moderate,Low,10,Moderate,67,0
USR_02625,16,Male,6.7,High,Moderate,3,Low,181,0
USR_02626,20,Female,1.9,High,Moderate,7,None,13,0
USR_02627,23,Female,4.1,None,Low,12,Moderate,168,0
USR_02628,26,Male,5.2,High,Low,8,Moderate,27,1
USR_02629,27,Female,1.5,Moderate,Moderate,2,Moderate,83,0
USR_02630,16,Female,3.6,None,Moderate,8,Low,122,-1
USR_02631,26,Female,8.5,High,High,8,None,189,1
USR_02632,20,Male,2.1,Moderate,Low,5,Moderate,182,0
USR_02633,30,Male,8.7,Moderate,Moderate,9,Moderate,63,0
USR_02634,20,Male,7.9,High,Moderate,1,High,118,0
USR_02635,27,Male,4.9,High,Low,9,High,139,0
USR_02636,20,Male,4.1,Moderate,None,8,Low,51,0
USR_02637,32,Female,7.3,High,High,4,None,93,1
USR_02638,32,Male,3.8,Moderate,High,18,Moderate,233,1
USR_02639,27,Female,3.9,High,High,3,None,91,0
USR_02640,30,Female,5.4,None,Low,10,High,79,0
USR_02641,30,Female,0.8,High,High,7,Moderate,188,0
USR_02642,21,Male,2.3,Moderate,High,8,Moderate,140,0
USR_02643,27,Female,4.8,Moderate,High,5,Moderate,40,0
USR_02644,33,Female,6.5,High,High,13,Moderate,174,1
USR_02645,29,Male,3.7,High,High,9,High,43,0
USR_02646,17,Male,5.1,Low,High,11,Moderate,69,0
USR_02647,24,Female,2.0,Low,Moderate,8,Moderate,48,0
USR_02648,20,Male,7.6,High,High,8,Low,81,0
USR_02649,16,Male,6.0,High,High,10,Low,84,0
USR_02650,18,Male,6.2,High,Low,8,High,178,0
USR_02651,21,Male,6.6,High,Low,8,Moderate,145,0
USR_02652,20,Female,5.7,Moderate,High,10,High,41,0
USR_02653,20,Male,4.4,Low,High,9,High,18,1
USR_02654,16,Female,8.0,High,Moderate,9,Moderate,126,1
USR_02655,32,Female,5.8,None,High,7,High,145,0
USR_02656,34,Female,5.1,High,High,8,Moderate,144,0
USR_02657,29,Female,5.5,Moderate,High,14,Moderate,59,0
USR_02658,27,Female,5.4,High,High,6,High,160,1
USR_02659,25,Male,5.1,High,Moderate,10,Moderate,26,0
USR_02660,33,Female,6.5,Moderate,Low,7,High,88,1
USR_02661,26,Female,3.4,High,Low,6,High,151,0
USR_02662,17,Female,3.6,Moderate,Moderate,10,High,207,0
USR_02663,33,Female,6.7,Moderate,Moderate,3,High,162,1
USR_02664,22,Male,5.2,High,Moderate,3,Moderate,186,0
USR_02665,30,Male,7.6,Low,Moderate,9,Moderate,94,1
USR_02666,26,Female,6.4,High,High,10,Moderate,19,0
USR_02667,33,Male,4.3,Moderate,Moderate,7,High,34,0
USR_02668,27,Female,6.8,High,Low,10,High,33,-1
USR_02669,21,Male,8.1,High,High,7,Low,164,0
USR_02670,28,Male,6.5,High,Low,7,High,121,0
USR_02671,31,Male,7.0,Moderate,Moderate,7,Moderate,162,0
USR_02672,33,Male,5.1,Moderate,Moderate,3,High,112,0
USR_02673,25,Female,7.7,High,High,4,None,119,0
USR_02674,23,Male,4.2,High,Moderate,10,High,20,1
USR_02675,33,Other,6.2,High,Low,6,Moderate,168,0
USR_02676,16,Female,11.2,Moderate,Moderate,5,High,86,0
USR_02677,23,Male,6.7,Moderate,High,6,Moderate,237,1
USR_02678,21,Female,4.6,High,High,6,Moderate,180,0
USR_02679,20,Female,4.6,High,Moderate,6,High,235,0
USR_02680,30,Female,5.3,Low,Moderate,6,High,32,1
USR_02681,30,Male,7.4,High,Moderate,6,None,66,0
USR_02682,17,Female,5.8,High,None,14,Low,215,0
USR_02683,16,Female,4.1,High,Moderate,11,Moderate,188,0
USR_02684,26,Male,4.1,High,Moderate,6,Low,60,0
USR_02685,25,Male,5.8,Moderate,High,10,High,79,1
USR_02686,33,Female,5.6,Moderate,High,4,Low,21,0
USR_02687,33,Male,6.5,High,Moderate,10,High,194,0
USR_02688,32,Female,7.5,Moderate,Low,8,Moderate,25,0
USR_02689,23,Male,11.5,High,Moderate,3,Low,169,0
USR_02690,30,Female,2.3,Low,Moderate,3,High,119,0
USR_02691,23,Female,7.0,Moderate,High,7,Moderate,166,0
USR_02692,32,Male,5.7,Moderate,None,10,Moderate,229,0
USR_02693,27,Male,1.4,High,None,10,Moderate,33,1
USR_02694,23,Female,8.2,High,Moderate,8,None,72,0
USR_02695,29,Female,6.4,Moderate,High,9,Low,228,0
USR_02696,19,Female,7.3,Moderate,Moderate,7,High,192,0
USR_02697,16,Male,1.8,High,Low,13,Moderate,15,0
USR_02698,16,Male,5.0,None,Moderate,13,Moderate,222,1
USR_02699,34,Male,3.1,None,Moderate,8,High,86,0
USR_02700,31,Female,10.3,Moderate,High,5,Low,132,0
USR_02701,29,Male,8.0,None,High,11,High,121,0
USR_02702,31,Male,4.0,High,High,13,High,100,1
USR_02703,20,Female,2.1,High,None,9,High,192,0
USR_02704,24,Female,5.9,High,Moderate,5,High,223,0
USR_02705,17,Male,7.9,Moderate,Low,8,High,212,0
USR_02706,33,Male,1.7,High,High,11,Moderate,78,0
USR_02707,21,Female,3.5,None,None,9,Moderate,112,0
USR_02708,24,Female,3.1,High,Low,10,Moderate,166,0
USR_02709,16,Male,7.4,High,High,4,High,165,0
USR_02710,24,Female,4.7,Low,Low,5,Moderate,142,0
USR_02711,31,Female,4.8,High,High,5,Moderate,238,-1
USR_02712,28,Male,5.9,High,High,6,Moderate,64,1
USR_02713,24,Male,3.6,Moderate,High,7,High,30,0
USR_02714,28,Female,2.3,High,None,9,High,110,0
USR_02715,24,Female,8.5,High,None,10,High,29,0
USR_02716,26,Male,8.7,High,High,4,Moderate,6,1
USR_02717,19,Female,5.9,Moderate,Moderate,7,High,94,1
USR_02718,17,Female,6.1,None,Moderate,8,Moderate,88,0
USR_02719,21,Male,8.3,Low,Low,7,Moderate,7,1
USR_02720,29,Female,5.8,High,High,3,None,36,0
USR_02721,19,Female,4.6,High,Moderate,8,Low,5,0
USR_02722,21,Male,5.6,Moderate,Moderate,9,None,28,0
USR_02723,34,Male,8.6,None,High,13,Low,54,0
USR_02724,21,Male,5.6,High,High,9,Moderate,175,0
USR_02725,17,Female,4.0,High,Moderate,15,Low,48,1
USR_02726,33,Other,5.8,Moderate,High,7,Moderate,37,0
USR_02727,28,Male,6.9,None,None,9,Moderate,42,0
USR_02728,24,Female,6.7,High,High,4,Moderate,116,0
USR_02729,34,Female,6.7,High,None,4,Moderate,56,-1
USR_02730,28,Female,3.7,High,High,11,Low,39,0
USR_02731,26,Male,7.2,High,High,6,High,21,0
USR_02732,16,Male,5.6,Moderate,High,9,High,62,1
USR_02733,22,Male,3.9,Moderate,Low,7,Low,52,0
USR_02734,30,Female,7.2,Moderate,Low,2,Moderate,47,0
USR_02735,16,Male,4.5,High,High,5,Low,52,0
USR_02736,27,Female,2.0,High,High,7,None,48,0
USR_02737,22,Male,3.3,High,Moderate,15,High,37,1
USR_02738,30,Male,5.1,High,Moderate,9,High,207,0
USR_02739,34,Female,6.8,Low,Low,6,High,91,0
USR_02740,16,Female,3.6,High,High,9,Low,234,0
USR_02741,32,Male,5.0,High,Moderate,5,High,228,0
USR_02742,32,Male,2.8,High,Low,2,High,87,0
USR_02743,18,Other,7.7,High,None,8,High,208,0
USR_02744,27,Male,9.3,Moderate,Moderate,13,Moderate,224,0
USR_02745,21,Male,9.0,Low,High,9,High,134,1
USR_02746,26,Female,7.6,High,High,3,Low,142,0
USR_02747,18,Male,7.4,Moderate,Moderate,8,Moderate,87,0
USR_02748,23,Male,0.9,High,Moderate,9,Low,160,0
USR_02749,29,Male,5.9,High,Low,7,Moderate,179,1
USR_02750,29,Male,4.4,None,Moderate,12,Moderate,140,0
USR_02751,25,Male,7.4,High,Moderate,6,Moderate,111,0
USR_02752,17,Male,0.5,Moderate,Moderate,6,Moderate,155,0
USR_02753,29,Male,5.9,High,Moderate,9,High,180,0
USR_02754,24,Male,5.0,Moderate,High,9,Low,113,0
USR_02755,18,Female,8.0,Low,High,5,Moderate,226,0
USR_02756,23,Male,8.9,Low,Moderate,11,High,96,0
USR_02757,31,Male,3.5,Low,High,7,High,67,0
USR_02758,17,Female,3.6,Moderate,High,10,High,81,0
USR_02759,21,Female,6.0,High,High,2,High,41,0
USR_02760,27,Male,9.3,Moderate,High,4,Moderate,16,1
USR_02761,20,Female,5.6,Moderate,High,6,High,78,-1
USR_02762,17,Male,2.7,High,Moderate,11,High,119,1
USR_02763,31,Male,4.2,High,Moderate,8,Moderate,85,0
USR_02764,20,Female,5.9,Low,Moderate,8,None,197,0
USR_02765,30,Female,6.0,Moderate,Moderate,7,High,218,0
USR_02766,27,Male,4.0,High,None,14,High,19,0
USR_02767,19,Male,4.1,Low,High,13,Moderate,84,0
USR_02768,30,Female,3.3,High,Moderate,14,Moderate,88,0
USR_02769,26,Male,8.0,High,High,6,Moderate,123,0
USR_02770,31,Female,3.7,Moderate,Moderate,7,Moderate,14,0
USR_02771,21,Male,4.5,High,None,9,Low,46,0
USR_02772,29,Female,4.4,Moderate,Moderate,11,Low,158,0
USR_02773,33,Female,2.0,High,Moderate,12,None,53,0
USR_02774,27,Female,3.6,High,Moderate,3,Moderate,155,0
USR_02775,26,Female,8.2,High,Moderate,6,None,196,0
USR_02776,28,Female,2.8,None,High,10,Low,21,1
USR_02777,26,Male,3.4,High,Moderate,14,Moderate,166,0
USR_02778,31,Male,2.6,High,Moderate,6,Moderate,109,1
USR_02779,30,Male,5.3,High,High,3,None,61,0
USR_02780,30,Female,9.6,High,High,6,None,90,0
USR_02781,19,Female,5.2,High,Low,9,High,136,1
USR_02782,26,Male,5.6,High,High,6,Moderate,203,0
USR_02783,34,Male,3.8,Moderate,High,5,None,73,0
USR_02784,30,Male,5.4,Moderate,Moderate,10,Moderate,99,1
USR_02785,19,Female,8.2,Low,High,7,High,87,0
USR_02786,28,Male,5.8,Moderate,Low,12,High,200,0
USR_02787,34,Female,10.2,High,Moderate,4,Moderate,54,0
USR_02788,17,Other,8.3,High,Low,4,Low,130,0
USR_02789,29,Male,5.3,Moderate,High,10,High,218,0
USR_02790,19,Male,5.3,Moderate,Low,12,Moderate,71,-1
USR_02791,31,Male,9.1,High,Low,5,Low,219,0
USR_02792,29,Male,5.8,None,High,13,High,200,-1
USR_02793,30,Male,8.6,High,High,8,High,92,0
USR_02794,18,Male,9.9,High,Low,2,Low,132,1
USR_02795,23,Female,5.1,High,High,5,None,191,0
USR_02796,31,Male,6.3,None,High,7,High,210,0
USR_02797,25,Female,7.7,Moderate,High,10,Low,117,0
USR_02798,19,Female,7.2,Low,High,9,Moderate,109,0
USR_02799,33,Female,7.2,High,High,10,High,119,0
USR_02800,17,Male,2.6,Moderate,Moderate,6,Low,67,1
USR_02801,32,Female,3.6,High,Moderate,10,Moderate,199,1
USR_02802,28,Male,4.4,Low,High,14,Low,217,0
USR_02803,19,Female,8.2,High,Low,7,High,30,1
USR_02804,26,Female,2.8,High,Moderate,12,Low,132,0
USR_02805,22,Female,8.9,High,None,11,High,5,0
USR_02806,27,Male,7.2,Low,None,8,Moderate,98,0
USR_02807,25,Female,8.0,Moderate,Low,9,Moderate,119,0
USR_02808,22,Male,3.5,High,None,4,High,200,0
USR_02809,28,Male,5.7,High,Moderate,8,Low,210,0
USR_02810,22,Male,6.2,None,Low,4,High,150,0
USR_02811,32,Male,6.1,Low,High,8,Moderate,16,1
USR_02812,25,Male,6.2,Moderate,High,6,Low,170,0
USR_02813,25,Female,4.9,High,Low,6,Moderate,46,0
USR_02814,19,Female,5.8,High,Moderate,5,High,168,0
USR_02815,19,Male,7.8,None,Low,8,Low,20,0
USR_02816,22,Male,2.9,High,Low,9,Moderate,197,0
USR_02817,16,Male,8.9,High,High,3,High,71,0
USR_02818,27,Male,7.7,Moderate,Low,9,High,171,0
USR_02819,28,Male,3.4,None,High,10,Moderate,103,0
USR_02820,25,Female,6.3,High,High,9,Moderate,63,1
USR_02821,30,Male,7.5,Moderate,Moderate,4,Moderate,211,0
USR_02822,28,Male,2.8,Low,High,4,High,42,1
USR_02823,24,Male,5.6,High,Moderate,9,Moderate,148,0
USR_02824,24,Female,5.3,High,Moderate,4,High,213,0
USR_02825,30,Female,4.1,None,High,7,High,230,0
USR_02826,25,Female,5.7,None,Low,10,None,206,0
USR_02827,25,Female,4.2,Low,Moderate,11,High,143,-1
USR_02828,23,Male,8.5,Moderate,High,10,High,32,1
USR_02829,31,Male,4.1,High,High,5,Low,95,0
USR_02830,32,Female,7.2,None,Low,3,High,234,0
USR_02831,20,Male,1.9,High,Low,6,Moderate,214,0
USR_02832,19,Female,5.1,Low,High,8,Low,115,0
USR_02833,33,Male,5.5,None,High,7,High,98,1
USR_02834,34,Male,5.1,Moderate,Low,7,Low,81,0
USR_02835,19,Female,4.6,Low,Moderate,6,Low,84,0
USR_02836,22,Female,4.0,Low,High,9,Moderate,134,0
USR_02837,25,Female,7.2,High,Moderate,9,High,152,1
USR_02838,33,Male,7.7,Moderate,Moderate,7,None,208,0
USR_02839,34,Female,5.3,High,Low,9,Moderate,225,1
USR_02840,19,Male,3.1,Moderate,High,8,Moderate,76,0
USR_02841,25,Male,9.4,High,Moderate,12,Low,42,0
USR_02842,16,Male,3.6,High,High,8,Moderate,188,0
USR_02843,33,Male,2.3,Low,None,5,Moderate,216,0
USR_02844,20,Male,1.1,None,Low,4,Low,231,0
USR_02845,30,Male,5.7,High,Low,10,Moderate,171,1
USR_02846,32,Male,5.0,Moderate,Moderate,4,Low,35,1
USR_02847,18,Male,7.8,Moderate,Moderate,7,High,84,0
USR_02848,27,Male,6.8,None,None,8,Low,155,1
USR_02849,17,Male,6.1,Moderate,High,6,Moderate,166,0
USR_02850,16,Male,4.9,Moderate,Low,9,High,100,0
USR_02851,32,Female,7.9,None,High,8,High,21,0
USR_02852,31,Male,9.6,High,High,5,Moderate,111,0
USR_02853,20,Male,7.7,None,Moderate,7,Low,28,0
USR_02854,30,Male,4.5,None,Low,6,Moderate,167,0
USR_02855,18,Female,7.2,None,Low,8,Low,122,0
USR_02856,22,Female,4.6,High,Moderate,8,Moderate,155,0
USR_02857,26,Female,3.1,High,Moderate,8,Low,140,0
USR_02858,25,Female,3.5,Low,None,7,High,186,0
USR_02859,24,Female,4.7,High,High,11,Moderate,91,1
USR_02860,29,Female,5.7,Moderate,Low,9,High,153,0
USR_02861,28,Female,10.0,High,Moderate,6,None,23,0
USR_02862,17,Male,3.6,High,High,8,Moderate,163,0
USR_02863,18,Male,8.4,High,High,10,High,54,0
USR_02864,22,Male,4.8,Moderate,Moderate,6,Moderate,75,0
USR_02865,33,Female,1.1,High,High,8,Moderate,116,0
USR_02866,18,Female,4.4,Moderate,High,3,Low,28,1
USR_02867,25,Female,8.1,Moderate,High,6,Moderate,50,0
USR_02868,22,Male,6.3,Moderate,High,8,Moderate,140,1
USR_02869,24,Male,6.4,Moderate,Moderate,6,None,81,0
USR_02870,32,Male,8.4,High,Low,12,None,7,1
USR_02871,26,Male,3.2,High,High,9,High,166,1
USR_02872,22,Female,3.2,High,Moderate,8,Low,81,1
USR_02873,29,Female,0.5,Moderate,Moderate,11,Moderate,189,0
USR_02874,34,Male,7.4,Moderate,Moderate,9,Moderate,122,0
USR_02875,19,Female,6.7,Moderate,Low,7,Moderate,62,0
USR_02876,21,Male,7.1,High,Moderate,9,High,228,0
USR_02877,25,Other,2.9,Moderate,Low,5,None,167,0
USR_02878,22,Male,2.0,High,Moderate,7,Moderate,25,0
USR_02879,28,Male,2.6,None,Moderate,9,Moderate,69,0
USR_02880,29,Male,3.5,High,Moderate,12,Low,70,1
USR_02881,19,Male,8.9,None,Low,5,High,189,0
USR_02882,23,Male,7.7,Moderate,None,9,High,46,1
USR_02883,20,Female,4.5,High,Moderate,5,High,47,0
USR_02884,16,Female,6.2,High,Low,7,Low,30,0
USR_02885,19,Female,4.0,High,High,5,Low,199,0
USR_02886,18,Male,6.3,High,None,9,High,220,0
USR_02887,24,Female,3.0,High,High,7,High,158,1
USR_02888,23,Male,7.2,Moderate,High,14,Moderate,140,0
USR_02889,16,Male,3.6,High,High,4,Moderate,179,0
USR_02890,21,Female,7.3,Low,None,5,Moderate,169,0
USR_02891,24,Female,4.6,High,Low,7,Moderate,204,0
USR_02892,22,Male,3.8,None,None,9,High,86,0
USR_02893,19,Male,9.0,Moderate,Low,11,Moderate,150,0
USR_02894,28,Other,5.9,High,Moderate,9,High,208,1
USR_02895,32,Male,4.8,High,None,12,High,168,1
USR_02896,17,Male,7.2,High,None,3,High,108,0
USR_02897,20,Female,2.6,High,Moderate,8,Moderate,134,0
USR_02898,27,Male,7.9,Moderate,High,9,High,88,0
USR_02899,23,Male,5.2,Moderate,Moderate,4,Moderate,124,0
USR_02900,21,Male,6.8,None,None,12,Moderate,7,0
USR_02901,23,Female,2.1,Moderate,Low,6,Low,108,0
USR_02902,33,Female,4.7,None,Low,6,Moderate,112,0
USR_02903,18,Female,5.5,None,None,9,High,38,-1
USR_02904,27,Other,7.8,Low,Low,6,None,130,0
USR_02905,18,Female,7.0,Moderate,Low,5,High,117,0
USR_02906,21,Male,4.6,High,Moderate,8,Moderate,114,0
USR_02907,17,Male,6.2,High,High,5,None,178,0
USR_02908,27,Female,8.3,Moderate,Moderate,7,Moderate,194,0
USR_02909,17,Female,5.1,High,Moderate,8,Moderate,74,-1
USR_02910,21,Female,4.8,High,Low,12,High,236,0
USR_02911,32,Female,1.3,Moderate,Moderate,7,High,189,0
USR_02912,18,Male,4.9,High,High,9,Moderate,142,0
USR_02913,17,Male,1.7,Moderate,High,6,Moderate,92,0
USR_02914,23,Male,5.2,High,Moderate,7,High,22,1
USR_02915,27,Male,7.7,Moderate,Moderate,11,High,165,0
USR_02916,19,Male,0.8,Low,High,9,Moderate,235,0
USR_02917,20,Female,8.2,High,High,4,Moderate,139,1
USR_02918,28,Female,4.8,Moderate,Moderate,8,None,49,0
USR_02919,30,Male,5.4,Low,High,6,Low,116,-1
USR_02920,31,Male,4.4,High,High,6,Low,161,0
USR_02921,25,Female,1.7,High,High,7,High,87,0
USR_02922,31,Male,3.8,High,Moderate,8,High,170,0
USR_02923,27,Female,10.1,Moderate,Moderate,8,High,43,0
USR_02924,32,Female,3.1,Moderate,High,11,Moderate,157,0
USR_02925,31,Female,2.0,High,Low,6,Moderate,149,0
USR_02926,27,Female,5.8,Moderate,High,10,None,65,0
USR_02927,23,Female,5.3,High,High,4,Low,55,0
USR_02928,18,Male,4.8,Low,High,9,High,41,1
USR_02929,31,Male,5.5,High,High,13,Low,71,1
USR_02930,28,Male,6.9,Low,High,11,Moderate,28,0
USR_02931,34,Other,4.2,High,High,10,High,126,-1
USR_02932,23,Male,5.9,Moderate,Moderate,7,Moderate,214,1
USR_02933,20,Male,7.8,Moderate,Moderate,5,Moderate,53,0
USR_02934,23,Female,3.3,Moderate,Moderate,4,Low,222,0
USR_02935,27,Female,0.5,High,Low,6,High,153,0
USR_02936,16,Female,7.0,Low,High,5,High,207,1
USR_02937,21,Male,11.0,High,None,6,High,189,0
USR_02938,33,Male,5.5,Moderate,High,7,High,173,1
USR_02939,23,Male,5.9,Moderate,Moderate,11,None,149,0
USR_02940,22,Male,4.8,Low,High,1,None,113,1
USR_02941,16,Male,9.0,Moderate,Low,8,None,106,1
USR_02942,31,Male,5.3,High,Moderate,6,High,153,0
USR_02943,27,Female,5.1,Moderate,High,8,High,72,1
USR_02944,21,Male,7.5,Moderate,Moderate,3,None,228,0
USR_02945,17,Female,4.4,None,High,10,None,214,0
USR_02946,29,Female,2.7,Low,Low,6,High,196,0
USR_02947,19,Male,7.4,Moderate,Moderate,12,Low,48,1
USR_02948,16,Female,4.2,High,High,10,High,128,0
USR_02949,33,Male,3.4,Low,High,6,None,32,0
USR_02950,28,Male,10.1,Moderate,High,7,High,40,-1
USR_02951,17,Female,5.1,None,Moderate,11,Low,169,0
USR_02952,24,Male,6.6,High,High,9,High,131,0
USR_02953,17,Other,5.6,High,Moderate,5,Moderate,48,0
USR_02954,24,Male,3.6,High,None,10,High,54,0
USR_02955,16,Female,7.0,Moderate,High,11,Moderate,222,0
USR_02956,26,Male,6.2,None,None,11,Moderate,117,0
USR_02957,18,Male,4.0,High,Moderate,11,Moderate,187,0
USR_02958,19,Male,6.5,Moderate,High,9,High,92,1
USR_02959,33,Female,4.4,Moderate,Moderate,4,Moderate,142,0
USR_02960,21,Female,3.1,Moderate,Low,7,High,42,-1
USR_02961,18,Female,2.8,High,Moderate,6,High,53,-1
USR_02962,26,Female,6.1,Low,High,8,Moderate,76,-1
USR_02963,30,Female,4.7,High,High,3,High,6,1
USR_02964,20,Female,8.8,Low,Low,9,None,48,0
USR_02965,25,Female,5.4,High,Moderate,6,Low,39,0
USR_02966,27,Female,3.8,Moderate,Moderate,12,Low,120,0
USR_02967,30,Female,5.8,Low,High,8,High,153,0
USR_02968,32,Female,2.7,High,Low,9,High,61,0
USR_02969,25,Male,5.3,High,None,11,None,95,0
USR_02970,21,Female,6.2,Moderate,High,4,High,27,0
USR_02971,33,Female,5.9,Moderate,High,5,Low,36,1
USR_02972,28,Male,8.4,Moderate,Low,4,High,222,0
USR_02973,18,Male,11.2,High,Low,10,Moderate,75,0
USR_02974,25,Male,7.0,High,Moderate,11,Moderate,165,0
USR_02975,29,Female,8.1,High,None,7,None,21,1
USR_02976,21,Female,11.1,High,Moderate,15,High,131,0
USR_02977,18,Male,3.3,None,High,4,High,204,0
USR_02978,31,Female,5.8,High,Moderate,8,Low,174,0
USR_02979,22,Female,4.4,High,Moderate,8,High,21,0
USR_02980,29,Male,7.4,High,None,7,High,52,0
USR_02981,24,Female,6.1,High,High,6,High,238,1
USR_02982,30,Other,3.7,Moderate,Moderate,10,Moderate,180,0
USR_02983,18,Female,5.5,Moderate,Low,4,Low,214,0
USR_02984,17,Female,7.8,High,High,7,None,232,0
USR_02985,17,Other,2.6,High,High,9,High,61,0
USR_02986,18,Female,3.7,High,Low,11,High,107,0
USR_02987,33,Male,3.4,Low,Moderate,8,Moderate,193,0
USR_02988,29,Female,6.2,Moderate,Moderate,5,High,48,0
USR_02989,33,Female,8.2,High,Low,11,High,155,1
USR_02990,25,Female,1.1,Moderate,High,4,Moderate,208,0
USR_02991,17,Male,5.7,Moderate,None,4,High,126,0
USR_02992,16,Female,3.5,Low,Moderate,7,Moderate,219,0
USR_02993,19,Male,7.7,None,Moderate,6,None,57,0
USR_02994,29,Female,5.0,High,Moderate,7,Low,37,0
USR_02995,16,Male,5.8,High,None,7,Moderate,60,0
USR_02996,29,Male,5.5,High,High,11,Moderate,32,-1
USR_02997,31,Male,8.0,Low,High,12,Moderate,155,0
USR_02998,29,Male,10.0,None,High,10,Low,67,0
USR_02999,18,Female,3.0,Moderate,High,9,None,11,0
USR_03000,18,Female,3.4,High,Moderate,6,Low,115,0
USR_03001,24,Female,6.2,High,None,7,Moderate,134,1
USR_03002,21,Male,3.7,High,Low,6,High,197,0
USR_03003,28,Male,7.6,High,High,4,None,136,0
USR_03004,17,Female,7.9,Moderate,Moderate,11,Low,12,0
USR_03005,23,Female,4.3,High,Moderate,9,Low,130,0
USR_03006,17,Male,3.8,High,High,6,Moderate,53,0
USR_03007,19,Female,4.9,Moderate,Low,6,Moderate,33,0
USR_03008,30,Male,5.7,High,Low,7,High,86,1
USR_03009,19,Female,6.2,High,Low,7,None,59,0
USR_03010,28,Female,0.5,High,High,15,None,169,1
USR_03011,27,Male,3.4,Low,Moderate,10,High,99,0
USR_03012,28,Male,4.6,Low,High,9,Moderate,10,0
USR_03013,29,Female,3.7,High,Moderate,11,High,156,0
USR_03014,33,Male,0.5,Moderate,Moderate,5,Moderate,116,0
USR_03015,21,Male,1.3,High,None,12,High,109,0
USR_03016,26,Female,2.6,Moderate,Low,7,Moderate,211,0
USR_03017,17,Male,5.2,Moderate,None,6,High,44,0
USR_03018,34,Male,4.5,Low,Low,8,High,16,0
USR_03019,34,Female,4.1,Moderate,High,4,Low,68,1
USR_03020,20,Female,7.3,None,Moderate,7,High,50,0
USR_03021,34,Female,7.3,None,High,12,Low,18,0
USR_03022,17,Female,5.8,Low,High,6,Moderate,159,0
USR_03023,25,Female,5.8,Moderate,Moderate,6,Low,120,0
USR_03024,17,Female,3.6,High,Moderate,4,None,41,0
USR_03025,26,Male,3.9,High,Moderate,7,High,209,0
USR_03026,33,Female,1.7,High,High,4,High,234,0
USR_03027,30,Other,4.9,High,High,3,High,114,0
USR_03028,24,Male,7.2,Moderate,High,11,Moderate,234,0
USR_03029,34,Male,8.5,Moderate,High,6,High,66,0
USR_03030,24,Female,5.0,None,High,4,Moderate,71,0
USR_03031,18,Male,6.6,High,Moderate,9,Low,84,0
USR_03032,24,Male,0.5,High,Low,5,Moderate,80,0
USR_03033,29,Female,4.5,Low,Moderate,4,High,18,0
USR_03034,34,Other,4.5,High,Moderate,7,High,102,0
USR_03035,22,Male,8.8,High,High,6,High,227,1
USR_03036,31,Male,6.4,None,None,3,Moderate,171,0
USR_03037,31,Male,6.6,Low,High,8,High,137,0
USR_03038,16,Female,6.5,High,Low,7,None,80,0
USR_03039,19,Male,5.6,Low,None,14,Moderate,30,0
USR_03040,19,Male,8.9,Moderate,Low,7,Moderate,85,0
USR_03041,22,Male,0.5,Low,High,7,High,112,0
USR_03042,23,Male,5.8,Low,Moderate,7,Moderate,57,0
USR_03043,32,Female,8.0,High,High,1,Low,67,0
USR_03044,20,Female,1.3,Moderate,High,9,None,15,1
USR_03045,22,Female,7.3,High,High,9,High,37,-1
USR_03046,19,Female,3.8,High,None,2,Low,45,0
USR_03047,21,Male,5.7,None,None,11,High,44,0
USR_03048,22,Female,3.8,Moderate,High,7,Moderate,178,0
USR_03049,33,Female,7.6,Moderate,Moderate,4,Moderate,8,-1
USR_03050,20,Male,4.9,Low,None,5,None,228,0
USR_03051,18,Female,7.4,None,Moderate,13,High,227,1
USR_03052,22,Male,6.5,Low,Moderate,12,High,15,0
USR_03053,29,Female,3.8,Moderate,Moderate,10,Moderate,213,0
USR_03054,22,Male,6.6,High,Low,8,Low,159,1
USR_03055,20,Other,4.0,High,Moderate,10,Moderate,12,0
USR_03056,20,Male,5.6,High,Low,4,High,153,0
USR_03057,17,Female,4.8,High,Moderate,13,None,229,0
USR_03058,21,Female,7.5,Moderate,High,9,None,131,0
USR_03059,30,Female,6.7,Moderate,High,5,Low,131,0
USR_03060,25,Male,5.4,None,High,4,Low,9,0
USR_03061,22,Female,4.0,Moderate,Moderate,9,Low,194,0
USR_03062,20,Female,2.7,Moderate,High,8,High,36,0
USR_03063,16,Male,5.8,High,Low,3,High,93,0
USR_03064,28,Male,4.1,High,Moderate,11,Moderate,62,1
USR_03065,33,Female,1.4,High,Low,8,None,76,0
USR_03066,28,Female,2.6,Low,None,5,Low,159,0
USR_03067,33,Male,9.1,High,Low,8,High,30,-1
USR_03068,20,Male,4.0,Moderate,None,9,High,172,-1
USR_03069,28,Male,7.9,Moderate,Moderate,11,Low,33,1
USR_03070,19,Female,4.7,High,High,7,Moderate,205,0
USR_03071,32,Female,8.2,High,None,12,High,86,1
USR_03072,18,Female,8.1,Moderate,Low,14,Moderate,11,0
USR_03073,32,Other,3.7,High,Low,9,High,110,0
USR_03074,26,Male,1.1,Low,Moderate,7,None,25,0
USR_03075,19,Male,1.3,Moderate,Moderate,6,Low,212,1
USR_03076,17,Male,3.7,Moderate,High,5,None,199,0
USR_03077,31,Male,9.7,Low,Low,6,High,100,0
USR_03078,33,Female,4.6,Moderate,High,9,Low,14,1
USR_03079,23,Female,5.8,None,High,12,Moderate,66,0
USR_03080,18,Male,8.4,High,Moderate,10,High,228,0
USR_03081,24,Male,5.7,Moderate,Moderate,11,Moderate,140,0
USR_03082,21,Female,5.7,High,High,8,None,228,0
USR_03083,25,Female,6.9,High,Low,6,Moderate,118,1
USR_03084,25,Male,6.1,High,Low,11,Moderate,8,0
USR_03085,28,Other,5.3,Moderate,Moderate,8,None,161,0
USR_03086,32,Female,3.9,High,Moderate,5,High,144,0
USR_03087,24,Male,5.7,High,None,7,Low,233,0
USR_03088,32,Female,7.9,None,High,8,Low,104,0
USR_03089,24,Male,9.4,Low,Low,8,Low,183,0
USR_03090,24,Female,6.1,Moderate,High,11,Moderate,23,0
USR_03091,16,Other,7.2,Low,Moderate,7,High,233,0
USR_03092,17,Female,6.1,None,Moderate,7,None,115,0
USR_03093,31,Female,5.3,Moderate,Low,9,High,35,1
USR_03094,16,Male,6.6,High,High,7,Moderate,112,0
USR_03095,25,Female,8.1,Low,High,6,High,30,1
USR_03096,33,Female,3.6,Moderate,Moderate,6,High,113,0
USR_03097,23,Female,2.3,High,Moderate,8,Moderate,138,0
USR_03098,26,Female,4.3,Moderate,Moderate,6,Low,33,0
USR_03099,17,Other,6.0,High,High,5,Moderate,21,0
USR_03100,23,Female,7.4,None,Moderate,5,High,152,1
USR_03101,23,Male,3.3,High,High,3,Moderate,174,0
USR_03102,32,Other,0.5,None,High,5,Low,114,0
USR_03103,30,Female,4.4,None,Moderate,6,High,179,0
USR_03104,32,Female,5.1,Moderate,Moderate,6,Moderate,78,0
USR_03105,28,Female,2.9,Moderate,High,8,High,202,0
USR_03106,34,Male,3.8,High,High,9,Moderate,100,0
USR_03107,20,Male,7.4,High,Moderate,6,Moderate,6,1
USR_03108,27,Female,5.7,High,High,10,Low,206,1
USR_03109,16,Female,6.3,Low,Moderate,5,High,41,-1
USR_03110,20,Male,4.7,Moderate,Moderate,6,Moderate,95,0
USR_03111,23,Female,3.8,High,High,11,Moderate,237,0
USR_03112,28,Male,4.7,High,High,6,Moderate,151,0
USR_03113,23,Female,6.6,None,Low,8,Moderate,45,0
USR_03114,26,Male,2.2,High,Moderate,8,High,148,0
USR_03115,16,Male,9.1,None,Moderate,10,Moderate,119,0
USR_03116,28,Male,6.8,High,Moderate,6,Low,216,0
USR_03117,34,Male,4.3,Moderate,Moderate,4,High,192,0
USR_03118,18,Female,7.3,High,None,6,High,189,0
USR_03119,32,Male,8.2,Moderate,Moderate,6,Moderate,232,0
USR_03120,20,Male,4.8,Moderate,High,8,Low,68,0
USR_03121,23,Female,5.0,High,Moderate,5,Low,9,0
USR_03122,29,Female,8.8,Moderate,Moderate,10,Moderate,150,0
USR_03123,19,Male,10.2,Moderate,Moderate,6,Moderate,76,0
USR_03124,26,Other,5.6,Moderate,Moderate,9,Moderate,145,0
USR_03125,30,Male,3.0,Low,Low,7,High,109,0
USR_03126,34,Female,4.5,High,Moderate,9,High,78,1
USR_03127,22,Female,7.8,Moderate,High,11,None,40,1
USR_03128,34,Male,3.2,None,High,6,None,151,0
USR_03129,34,Male,5.0,Low,Moderate,8,Low,163,-1
USR_03130,26,Male,6.1,None,High,10,High,232,0
USR_03131,20,Male,3.5,High,High,11,Moderate,97,0
USR_03132,20,Female,7.9,Low,High,11,Moderate,113,0
USR_03133,23,Male,7.0,Moderate,High,10,Moderate,27,1
USR_03134,25,Male,9.9,High,None,8,Low,164,0
USR_03135,21,Male,7.2,Low,High,2,High,117,0
USR_03136,30,Male,3.4,Moderate,High,15,High,15,1
USR_03137,31,Female,6.7,High,High,9,Low,198,0
USR_03138,32,Male,7.7,High,Moderate,7,None,228,0
USR_03139,23,Female,7.8,Low,High,8,Low,137,1
USR_03140,23,Male,3.8,High,Moderate,8,Low,99,0
USR_03141,24,Male,3.5,High,High,8,High,17,1
USR_03142,17,Female,3.0,High,Moderate,7,Moderate,90,0
USR_03143,30,Male,9.0,High,Low,6,High,196,0
USR_03144,33,Female,6.9,None,High,6,Moderate,39,0
USR_03145,18,Female,3.7,Moderate,Moderate,8,Moderate,87,0
USR_03146,32,Male,5.8,Moderate,Moderate,7,Moderate,33,0
USR_03147,19,Male,5.2,None,Low,8,None,155,0
USR_03148,19,Male,3.4,Moderate,Moderate,9,Moderate,87,-1
USR_03149,29,Male,5.6,High,Moderate,6,High,84,0
USR_03150,24,Male,5.9,Low,Low,2,High,99,0
USR_03151,24,Male,9.7,High,Moderate,7,High,148,0
USR_03152,33,Male,4.1,High,High,7,Moderate,158,0
USR_03153,25,Female,1.7,Moderate,High,5,Low,7,-1
USR_03154,19,Female,3.2,Low,Moderate,4,Moderate,126,0
USR_03155,27,Female,3.5,Low,Low,7,Low,128,0
USR_03156,23,Male,4.6,None,None,7,High,27,0
USR_03157,17,Male,3.2,Low,None,12,Moderate,189,0
USR_03158,28,Female,7.3,Low,Low,9,Moderate,141,0
USR_03159,31,Female,3.0,Low,Moderate,9,High,183,0
USR_03160,17,Female,5.5,High,Low,5,Moderate,220,0
USR_03161,26,Male,9.9,High,Moderate,12,Moderate,37,-1
USR_03162,25,Female,6.7,Moderate,Moderate,6,High,210,1
USR_03163,30,Female,6.5,Moderate,High,13,Low,96,1
USR_03164,32,Male,9.6,High,High,7,High,28,0
USR_03165,23,Male,8.2,High,Low,5,High,111,0
USR_03166,33,Female,6.7,High,Moderate,3,High,54,0
USR_03167,24,Male,4.8,Moderate,High,7,Moderate,56,0
USR_03168,23,Male,5.5,Low,High,9,High,203,0
USR_03169,29,Female,5.3,None,Low,8,Moderate,42,0
USR_03170,33,Female,4.6,Low,Moderate,8,High,48,-1
USR_03171,27,Male,6.0,Low,Moderate,7,High,93,0
USR_03172,34,Male,6.3,Moderate,Moderate,5,High,130,0
USR_03173,29,Male,2.8,High,Moderate,6,High,60,0
USR_03174,32,Female,9.1,High,High,9,Low,198,-1
USR_03175,18,Male,6.4,Moderate,Moderate,10,Moderate,49,0
USR_03176,22,Other,4.9,High,Low,9,High,184,0
USR_03177,32,Male,6.0,Moderate,Moderate,9,High,133,1
USR_03178,27,Male,7.5,Moderate,Moderate,11,None,91,0
USR_03179,24,Female,2.3,High,High,3,Low,120,0
USR_03180,30,Female,5.3,None,Moderate,6,Low,236,0
USR_03181,33,Male,2.9,Moderate,High,6,High,214,0
USR_03182,28,Male,11.3,High,Moderate,8,High,68,1
USR_03183,23,Other,5.8,Moderate,Moderate,5,Low,140,0
USR_03184,29,Male,2.9,Moderate,Low,7,High,230,0
USR_03185,23,Female,13.4,High,Moderate,10,Moderate,175,0
USR_03186,29,Male,4.3,High,High,8,High,140,1
USR_03187,22,Female,5.0,Moderate,Moderate,6,High,33,0
USR_03188,27,Female,5.2,None,Moderate,5,High,17,1
USR_03189,26,Male,3.6,Moderate,High,3,Moderate,133,1
USR_03190,26,Female,6.0,None,Moderate,7,Low,33,0
USR_03191,28,Male,0.6,Low,None,11,High,182,0
USR_03192,33,Male,7.9,High,High,4,High,41,0
USR_03193,17,Female,3.0,Moderate,Moderate,7,Moderate,5,0
USR_03194,30,Male,4.6,High,Low,8,Moderate,112,0
USR_03195,33,Female,7.2,High,Moderate,1,Low,73,0
USR_03196,30,Male,5.1,Moderate,Moderate,7,Low,121,0
USR_03197,34,Male,5.1,Moderate,High,4,High,180,0
USR_03198,27,Male,3.3,High,High,10,Moderate,187,1
USR_03199,28,Male,10.1,None,Moderate,6,Low,198,1
USR_03200,26,Male,6.7,Low,Moderate,10,Moderate,115,0
USR_03201,20,Female,3.1,None,None,13,High,67,0
USR_03202,16,Female,5.9,High,High,10,High,26,-1
USR_03203,18,Female,3.0,None,Moderate,7,Low,98,0
USR_03204,34,Male,9.3,High,High,10,None,15,0
USR_03205,22,Male,5.9,High,High,10,Moderate,33,0
USR_03206,27,Male,3.4,Low,Moderate,6,High,110,0
USR_03207,30,Male,7.0,Moderate,High,16,Moderate,7,0
USR_03208,20,Female,4.9,Moderate,High,9,High,177,-1
USR_03209,30,Male,2.7,Moderate,High,7,High,209,0
USR_03210,23,Male,6.3,High,High,7,Moderate,7,0
USR_03211,25,Female,6.3,Moderate,None,7,Low,78,0
USR_03212,31,Male,8.0,High,Low,7,High,200,1
USR_03213,23,Male,5.6,Moderate,High,4,None,18,0
USR_03214,16,Male,5.7,High,Low,7,High,219,0
USR_03215,27,Male,5.9,None,Moderate,2,Moderate,85,0
USR_03216,20,Female,9.0,Moderate,Low,5,Low,69,0
USR_03217,18,Male,4.8,Moderate,High,4,High,189,0
USR_03218,16,Male,6.5,None,Moderate,5,High,147,0
USR_03219,19,Male,6.9,Moderate,Low,2,High,192,0
USR_03220,23,Male,6.3,High,High,6,None,186,0
USR_03221,18,Male,4.7,High,None,6,Moderate,121,0
USR_03222,25,Female,5.8,Moderate,Low,8,High,134,1
USR_03223,17,Female,5.3,High,None,5,Low,86,0
USR_03224,26,Female,9.8,Moderate,High,2,Moderate,196,0
USR_03225,25,Male,4.5,High,High,10,High,235,0
USR_03226,29,Female,3.5,High,High,9,Moderate,218,1
USR_03227,22,Female,5.5,Moderate,None,8,Moderate,32,1
USR_03228,17,Male,5.3,None,High,9,High,98,0
USR_03229,24,Female,5.9,Moderate,Moderate,8,Moderate,209,1
USR_03230,31,Male,4.5,None,Moderate,6,High,71,0
USR_03231,28,Male,5.7,None,Moderate,7,Moderate,7,0
USR_03232,24,Female,5.8,High,High,6,High,185,0
USR_03233,19,Male,7.5,High,Moderate,7,High,158,0
USR_03234,25,Female,5.7,Low,Low,10,None,8,0
USR_03235,27,Male,5.7,Low,High,8,Moderate,148,0
USR_03236,32,Female,6.6,Moderate,Low,9,High,96,1
USR_03237,29,Female,7.4,None,Moderate,5,Low,76,-1
USR_03238,29,Female,3.3,High,Moderate,4,Low,186,0
USR_03239,17,Male,2.7,High,Moderate,11,High,108,0
USR_03240,26,Male,9.2,Moderate,High,7,Low,20,1
USR_03241,31,Male,7.0,Moderate,Moderate,10,Moderate,35,0
USR_03242,34,Male,5.0,High,Low,9,Low,91,0
USR_03243,21,Male,5.5,High,High,10,Low,134,0
USR_03244,34,Female,4.6,High,Moderate,5,Moderate,77,0
USR_03245,20,Female,6.0,Moderate,High,4,None,95,0
USR_03246,19,Other,3.4,Low,Low,9,Low,177,0
USR_03247,30,Male,7.3,Low,Moderate,11,High,58,0
USR_03248,19,Male,5.9,Moderate,Moderate,7,None,191,0
USR_03249,25,Male,6.0,Moderate,High,8,Moderate,191,0
USR_03250,18,Female,3.5,Moderate,None,3,Low,154,0
USR_03251,20,Female,6.7,High,High,5,Low,166,0
USR_03252,21,Female,3.6,High,Moderate,6,Moderate,77,1
USR_03253,23,Female,4.0,High,Moderate,9,High,229,0
USR_03254,22,Female,5.7,Low,Low,6,None,132,0
USR_03255,25,Male,11.0,None,High,5,High,234,0
USR_03256,21,Male,5.9,Moderate,Low,7,High,188,-1
USR_03257,29,Female,0.5,Moderate,Moderate,6,Moderate,166,0
USR_03258,19,Male,4.1,High,Moderate,9,High,103,0
USR_03259,28,Male,7.0,Moderate,Moderate,1,Low,158,0
USR_03260,32,Female,3.0,Moderate,Low,7,High,203,0
USR_03261,22,Other,7.3,Moderate,Moderate,3,None,177,0
USR_03262,19,Female,5.8,High,Low,4,None,223,0
USR_03263,29,Female,7.7,Low,High,5,Moderate,80,0
USR_03264,18,Female,4.3,Moderate,None,8,Moderate,213,0
USR_03265,20,Male,4.1,Low,High,9,Moderate,153,0
USR_03266,31,Male,6.7,Low,Moderate,6,Moderate,175,0
USR_03267,19,Female,5.5,None,Moderate,7,Moderate,90,0
USR_03268,17,Female,5.4,High,Moderate,4,Low,222,0
USR_03269,33,Male,9.0,High,High,9,Moderate,43,0
USR_03270,34,Female,6.8,High,Moderate,11,Low,145,0
USR_03271,34,Male,1.1,High,High,3,Moderate,238,0
USR_03272,32,Male,7.3,Moderate,High,7,High,174,0
USR_03273,29,Female,7.0,Moderate,High,4,High,49,0
USR_03274,34,Male,8.1,Moderate,Moderate,9,High,91,0
USR_03275,28,Male,3.4,High,High,12,Low,183,0
USR_03276,27,Male,6.2,None,High,7,Low,226,0
USR_03277,21,Female,5.7,High,High,5,Low,123,0
USR_03278,19,Male,3.4,High,Moderate,8,Low,21,1
USR_03279,34,Female,7.6,Moderate,Low,4,High,223,0
USR_03280,31,Female,5.0,Low,None,7,High,88,0
USR_03281,28,Male,8.0,High,High,3,High,195,0
USR_03282,19,Other,3.9,High,Moderate,7,High,139,0
USR_03283,32,Male,2.3,Moderate,Moderate,9,High,187,0
USR_03284,16,Other,5.0,High,Moderate,9,High,136,0
USR_03285,33,Female,6.0,High,Moderate,12,Low,35,0
USR_03286,32,Other,4.3,Moderate,High,13,Moderate,98,0
USR_03287,30,Male,0.5,High,Moderate,7,High,99,1
USR_03288,26,Female,6.3,High,Moderate,8,Moderate,188,0
USR_03289,28,Male,6.3,Moderate,High,7,High,136,0
USR_03290,16,Male,7.0,None,Moderate,8,Moderate,86,0
USR_03291,32,Female,4.7,None,Moderate,8,High,88,0
USR_03292,21,Male,4.5,High,High,6,None,44,0
USR_03293,19,Female,8.7,High,Moderate,6,High,108,0
USR_03294,31,Male,2.0,High,Low,5,Low,116,0
USR_03295,30,Male,5.0,High,Low,7,Moderate,51,0
USR_03296,30,Female,5.8,Moderate,Moderate,5,Moderate,54,1
USR_03297,21,Male,6.8,Moderate,Moderate,7,None,155,0
USR_03298,30,Female,5.9,Moderate,Moderate,9,High,55,0
USR_03299,29,Female,3.5,High,Moderate,9,High,42,0
USR_03300,26,Female,8.1,High,High,6,High,141,0
USR_03301,22,Male,5.5,Moderate,Moderate,3,Low,193,0
USR_03302,24,Female,1.8,High,Moderate,6,High,212,0
USR_03303,31,Other,6.0,Moderate,Moderate,6,High,153,0
USR_03304,20,Female,6.5,Moderate,None,5,Moderate,13,0
USR_03305,25,Female,9.8,Moderate,Low,12,Low,120,-1
USR_03306,33,Female,6.4,Moderate,High,8,High,29,1
USR_03307,18,Female,2.2,Moderate,High,7,Moderate,117,0
USR_03308,28,Female,2.3,High,High,7,High,40,-1
USR_03309,26,Male,8.3,High,Low,11,High,115,1
USR_03310,32,Male,3.7,Moderate,Moderate,3,Low,175,0
USR_03311,28,Female,2.1,High,None,12,Moderate,82,0
USR_03312,21,Male,7.7,Moderate,Moderate,6,Low,85,0
USR_03313,32,Female,4.5,Moderate,Low,6,Moderate,32,0
USR_03314,28,Male,7.6,None,Moderate,5,High,196,0
USR_03315,34,Female,3.5,None,Low,9,Moderate,49,0
USR_03316,34,Male,8.7,High,Moderate,9,None,109,1
USR_03317,25,Male,7.4,None,Moderate,13,High,188,0
USR_03318,18,Female,3.9,Moderate,Moderate,5,Moderate,52,1
USR_03319,29,Female,1.8,Moderate,Moderate,8,Moderate,140,0
USR_03320,34,Female,10.6,High,Moderate,4,High,146,0
USR_03321,20,Male,5.0,Low,High,10,Low,19,0
USR_03322,20,Female,3.8,High,High,8,Moderate,132,0
USR_03323,32,Female,8.5,Low,Moderate,8,Moderate,171,0
USR_03324,25,Female,7.6,High,Moderate,10,High,157,0
USR_03325,20,Male,8.1,Moderate,High,6,None,67,0
USR_03326,19,Female,5.3,High,High,7,High,63,1
USR_03327,21,Female,9.6,High,High,7,Moderate,207,0
USR_03328,19,Other,2.6,High,Moderate,5,Low,161,0
USR_03329,22,Male,4.3,High,High,7,High,7,1
USR_03330,22,Female,6.4,High,High,9,None,43,1
USR_03331,33,Female,8.1,Moderate,High,5,Moderate,26,1
USR_03332,18,Male,7.0,Moderate,High,7,Moderate,105,0
USR_03333,16,Male,5.3,Low,Low,6,Moderate,131,0
USR_03334,19,Male,4.5,Moderate,High,8,Low,173,0
USR_03335,21,Male,8.1,High,Moderate,5,None,24,0
USR_03336,24,Male,7.2,High,Moderate,9,Moderate,151,0
USR_03337,29,Female,3.6,High,None,6,Moderate,145,0
USR_03338,27,Female,3.5,None,High,5,High,95,0
USR_03339,19,Female,4.3,Low,High,3,Moderate,23,0
USR_03340,27,Female,4.0,High,High,11,High,212,0
USR_03341,25,Male,7.8,High,High,7,Low,70,0
USR_03342,22,Male,6.5,Low,Moderate,9,None,197,0
USR_03343,18,Female,6.7,Low,High,5,Low,135,0
USR_03344,29,Male,5.9,Low,High,7,Moderate,156,0
USR_03345,25,Male,6.0,Low,Low,9,Low,42,0
USR_03346,31,Male,2.0,Moderate,Moderate,10,Low,134,0
USR_03347,31,Male,7.2,High,High,4,Moderate,188,1
USR_03348,25,Female,4.3,Moderate,High,4,None,212,0
USR_03349,28,Male,5.4,Moderate,High,6,High,225,0
USR_03350,21,Male,4.5,Moderate,None,7,High,41,0
USR_03351,27,Male,5.8,Moderate,Low,4,High,136,0
USR_03352,24,Female,6.8,High,Low,7,High,82,0
USR_03353,28,Male,3.3,High,None,13,Moderate,213,0
USR_03354,19,Female,6.1,High,Moderate,17,None,176,0
USR_03355,26,Male,4.5,High,High,11,Moderate,49,1
USR_03356,33,Male,8.4,Moderate,Moderate,7,Moderate,85,0
USR_03357,26,Female,3.0,Low,Moderate,7,Moderate,88,0
USR_03358,19,Male,3.3,Low,Low,7,Moderate,128,1
USR_03359,33,Male,4.7,High,Moderate,10,High,179,0
USR_03360,16,Male,3.5,Moderate,Moderate,11,Moderate,97,0
USR_03361,22,Female,5.0,High,None,8,Low,237,0
USR_03362,21,Male,4.3,Moderate,High,9,Moderate,158,0
USR_03363,30,Female,5.7,High,Low,4,Moderate,110,0
USR_03364,33,Male,7.7,High,High,4,Low,106,0
USR_03365,26,Male,5.7,Low,Moderate,4,High,213,0
USR_03366,30,Male,5.9,Moderate,High,9,Moderate,208,0
USR_03367,31,Female,3.2,High,Moderate,8,None,96,0
USR_03368,22,Male,5.2,High,Moderate,15,None,141,0
USR_03369,25,Male,4.6,Moderate,Moderate,6,High,100,0
USR_03370,27,Male,7.0,High,Low,10,Moderate,230,0
USR_03371,29,Male,3.8,Low,Moderate,8,High,84,0
USR_03372,20,Male,3.6,Moderate,Moderate,7,High,52,0
USR_03373,33,Female,6.2,Moderate,High,9,Moderate,35,0
USR_03374,20,Male,9.9,Moderate,Low,8,Moderate,187,0
USR_03375,18,Male,5.1,High,High,9,Low,223,0
USR_03376,20,Female,5.9,High,High,11,High,225,0
USR_03377,32,Male,7.6,High,High,5,None,5,0
USR_03378,34,Male,6.6,Moderate,Moderate,7,Moderate,130,0
USR_03379,34,Male,6.6,High,Low,7,Moderate,223,0
USR_03380,27,Female,5.3,Low,High,12,Moderate,228,0
USR_03381,24,Male,5.3,High,High,10,None,191,1
USR_03382,16,Female,3.8,High,Low,8,None,143,0
USR_03383,33,Male,6.6,High,Moderate,2,Moderate,231,0
USR_03384,19,Female,6.5,High,Low,11,Moderate,134,1
USR_03385,25,Male,7.1,High,High,6,Moderate,50,0
USR_03386,22,Female,4.4,High,Moderate,5,High,5,0
USR_03387,16,Female,7.3,High,High,9,High,74,1
USR_03388,32,Female,8.0,Moderate,None,11,Moderate,203,0
USR_03389,17,Male,2.8,Moderate,Moderate,5,Moderate,70,0
USR_03390,26,Male,4.8,High,Moderate,3,High,6,1
USR_03391,24,Male,8.1,Moderate,High,9,Moderate,73,0
USR_03392,22,Male,4.1,Moderate,High,5,Moderate,17,0
USR_03393,32,Male,6.7,None,High,13,Moderate,151,1
USR_03394,32,Female,5.5,Moderate,Moderate,3,Low,87,0
USR_03395,17,Male,6.2,High,High,4,High,51,0
USR_03396,21,Male,5.6,Moderate,Low,6,Low,133,0
USR_03397,29,Female,7.1,Moderate,High,7,Moderate,231,0
USR_03398,21,Female,3.3,High,Low,6,High,150,0
USR_03399,17,Male,3.5,Low,High,10,Low,117,0
USR_03400,16,Female,8.7,High,High,7,Moderate,36,0
USR_03401,25,Male,10.1,None,Low,14,Moderate,100,0
USR_03402,20,Female,5.5,Moderate,Low,6,Moderate,204,0
USR_03403,17,Female,9.3,Moderate,Moderate,11,None,15,0
USR_03404,31,Female,3.8,Moderate,High,4,None,152,1
USR_03405,17,Female,4.3,Moderate,Moderate,11,None,12,0
USR_03406,25,Male,8.7,Moderate,Moderate,8,Low,224,0
USR_03407,17,Male,7.3,Low,High,10,High,217,0
USR_03408,31,Female,9.0,Moderate,Moderate,4,Moderate,106,0
USR_03409,31,Male,6.5,Low,Moderate,6,Low,170,0
USR_03410,34,Female,3.3,Low,High,6,Low,10,1
USR_03411,22,Male,6.0,None,None,8,Moderate,6,0
USR_03412,27,Male,8.1,Moderate,Low,10,Low,206,0
USR_03413,30,Male,5.2,Moderate,High,4,High,238,0
USR_03414,23,Male,4.9,High,Moderate,8,Moderate,77,1
USR_03415,21,Female,6.6,Moderate,High,5,Moderate,187,0
USR_03416,25,Female,4.3,High,Low,7,Moderate,7,0
USR_03417,18,Female,6.2,High,Moderate,8,Low,70,0
USR_03418,34,Female,5.6,High,High,13,None,232,0
USR_03419,32,Female,4.4,Low,High,6,High,204,0
USR_03420,22,Female,7.7,Low,High,6,Low,205,0
USR_03421,19,Male,6.9,Moderate,Moderate,10,Moderate,30,0
USR_03422,29,Female,4.7,Moderate,Low,5,Moderate,230,0
USR_03423,30,Male,5.5,Moderate,High,7,Moderate,180,0
USR_03424,23,Male,4.9,Moderate,High,6,None,98,0
USR_03425,30,Female,4.1,High,High,7,Moderate,106,0
USR_03426,29,Male,1.8,High,High,10,High,140,0
USR_03427,24,Male,4.4,High,Moderate,4,Moderate,199,0
USR_03428,23,Male,4.1,Moderate,Moderate,9,High,79,0
USR_03429,32,Male,5.8,Moderate,Moderate,8,High,93,0
USR_03430,17,Female,6.5,Moderate,None,11,High,120,1
USR_03431,18,Male,3.7,None,None,8,Moderate,201,0
USR_03432,23,Male,6.3,High,Moderate,9,High,208,0
USR_03433,27,Male,3.4,High,Low,11,High,34,0
USR_03434,16,Male,5.2,High,None,3,Low,159,0
USR_03435,25,Female,4.2,High,High,7,Moderate,47,0
USR_03436,18,Male,7.1,High,High,7,Moderate,137,0
USR_03437,21,Female,5.8,High,High,5,Low,24,1
USR_03438,22,Female,5.3,Moderate,Moderate,13,Moderate,56,0
USR_03439,33,Female,4.1,High,Low,10,Low,25,0
USR_03440,26,Female,4.8,Moderate,High,11,High,135,0
USR_03441,34,Female,9.5,Moderate,Moderate,9,Moderate,45,0
USR_03442,20,Male,4.4,High,Moderate,7,Low,128,0
USR_03443,34,Male,6.6,Low,High,12,High,196,1
USR_03444,26,Male,5.3,High,High,5,Moderate,112,0
USR_03445,27,Female,6.5,Low,High,6,Moderate,200,0
USR_03446,25,Male,7.3,None,High,9,Moderate,220,1
USR_03447,23,Male,4.7,High,Low,1,Low,203,0
USR_03448,24,Male,7.1,None,Low,12,High,156,0
USR_03449,19,Male,11.6,Low,Low,5,Low,56,1
USR_03450,20,Male,6.7,None,Moderate,8,Moderate,207,1
USR_03451,23,Other,9.0,Moderate,Low,9,High,6,0
USR_03452,24,Male,6.6,High,Moderate,8,Moderate,48,0
USR_03453,30,Female,3.4,Low,Moderate,6,Low,45,0
USR_03454,30,Female,6.1,High,Moderate,7,High,74,0
USR_03455,31,Male,4.8,High,Moderate,11,Low,11,0
USR_03456,29,Male,4.2,High,High,5,High,42,0
USR_03457,23,Male,5.3,High,Low,5,Low,214,0
USR_03458,33,Male,5.2,Moderate,High,2,High,177,0
USR_03459,25,Female,3.2,Moderate,Moderate,1,High,13,0
USR_03460,21,Male,11.5,None,Moderate,8,High,57,0
USR_03461,27,Male,7.3,High,High,14,Low,32,0
USR_03462,17,Female,6.0,None,None,3,Moderate,132,0
USR_03463,22,Female,5.7,None,High,10,Moderate,23,0
USR_03464,31,Female,8.1,High,High,11,Low,200,0
USR_03465,18,Female,10.1,High,High,9,High,136,0
USR_03466,28,Female,7.0,Low,Low,11,Moderate,17,1
USR_03467,18,Male,5.8,Moderate,Moderate,7,Moderate,224,0
USR_03468,33,Female,8.7,Low,Moderate,6,Moderate,15,0
USR_03469,26,Male,5.8,Moderate,Low,6,High,6,0
USR_03470,23,Female,6.5,Moderate,High,4,Moderate,202,0
USR_03471,21,Female,7.7,High,High,3,Moderate,144,0
USR_03472,16,Male,4.6,Moderate,High,7,High,130,0
USR_03473,16,Female,0.9,High,Low,5,High,236,0
USR_03474,23,Female,4.5,Moderate,Moderate,4,High,169,0
USR_03475,20,Male,7.2,Low,High,6,Moderate,60,0
USR_03476,31,Female,7.0,Moderate,High,6,High,92,0
USR_03477,26,Male,8.5,None,High,3,Moderate,56,0
USR_03478,20,Female,4.6,Moderate,Moderate,7,Low,129,0
USR_03479,19,Female,9.0,Moderate,High,9,Low,205,0
USR_03480,21,Female,5.9,Moderate,High,4,Low,222,1
USR_03481,29,Female,6.8,None,Moderate,7,Moderate,136,0
USR_03482,34,Female,7.5,Moderate,Moderate,8,Moderate,109,0
USR_03483,24,Female,2.5,High,Moderate,7,Moderate,136,0
USR_03484,27,Male,3.3,None,Moderate,11,None,181,0
USR_03485,26,Female,3.2,Moderate,Moderate,5,Low,56,0
USR_03486,29,Male,7.9,High,Moderate,13,Moderate,38,1
USR_03487,31,Female,4.8,Moderate,None,7,Moderate,26,0
USR_03488,16,Male,10.0,Low,High,5,Low,145,-1
USR_03489,28,Male,5.5,Moderate,Moderate,5,High,67,1
USR_03490,28,Female,2.3,High,Moderate,4,None,19,0
USR_03491,17,Male,4.0,Low,High,8,Moderate,172,0
USR_03492,19,Male,5.8,Low,Low,9,Moderate,42,1
USR_03493,21,Male,6.6,Moderate,High,7,High,109,1
USR_03494,20,Male,3.3,High,Moderate,11,High,239,1
USR_03495,18,Male,6.8,High,High,6,High,59,1
USR_03496,16,Male,7.3,Moderate,High,4,High,176,1
USR_03497,19,Male,4.1,Low,Moderate,7,Moderate,121,0
USR_03498,17,Male,9.8,High,Moderate,6,High,124,0
USR_03499,20,Female,4.3,High,Low,9,None,70,0
